-- MySQL dump 10.13  Distrib 5.5.37, for debian-linux-gnu (x86_64)
--
-- Host: localhost    Database: coop_dev
-- ------------------------------------------------------
-- Server version	5.5.37-0ubuntu0.14.04.1

/*!40101 SET @OLD_CHARACTER_SET_CLIENT=@@CHARACTER_SET_CLIENT */;
/*!40101 SET @OLD_CHARACTER_SET_RESULTS=@@CHARACTER_SET_RESULTS */;
/*!40101 SET @OLD_COLLATION_CONNECTION=@@COLLATION_CONNECTION */;
/*!40101 SET NAMES utf8 */;
/*!40103 SET @OLD_TIME_ZONE=@@TIME_ZONE */;
/*!40103 SET TIME_ZONE='+00:00' */;
/*!40014 SET @OLD_UNIQUE_CHECKS=@@UNIQUE_CHECKS, UNIQUE_CHECKS=0 */;
/*!40014 SET @OLD_FOREIGN_KEY_CHECKS=@@FOREIGN_KEY_CHECKS, FOREIGN_KEY_CHECKS=0 */;
/*!40101 SET @OLD_SQL_MODE=@@SQL_MODE, SQL_MODE='NO_AUTO_VALUE_ON_ZERO' */;
/*!40111 SET @OLD_SQL_NOTES=@@SQL_NOTES, SQL_NOTES=0 */;

--
-- Table structure for table `Majors`
--

DROP TABLE IF EXISTS `Majors`;
/*!40101 SET @saved_cs_client     = @@character_set_client */;
/*!40101 SET character_set_client = utf8 */;
CREATE TABLE `Majors` (
  `id` int(11) NOT NULL AUTO_INCREMENT,
  `major_long` varchar(128) DEFAULT NULL,
  PRIMARY KEY (`id`)
) ENGINE=InnoDB AUTO_INCREMENT=88 DEFAULT CHARSET=latin1;
/*!40101 SET character_set_client = @saved_cs_client */;

--
-- Dumping data for table `Majors`
--

LOCK TABLES `Majors` WRITE;
/*!40000 ALTER TABLE `Majors` DISABLE KEYS */;
INSERT INTO `Majors` VALUES (2,'Accounting'),(3,'Animation & Visual Effects'),(4,'Anthropology'),(5,'Architectural Engineering'),(6,'Architecture'),(7,'Behavioral Health Counseling'),(8,'Biological Sciences'),(9,'Biomedical Engineering'),(10,'Business (General)'),(11,'Business Analytics'),(12,'Business Administration'),(13,'Business and Engineering'),(14,'Chemical Engineering'),(15,'Chemistry'),(16,'Civil Engineering'),(17,'Communication'),(18,'Communication and Applied Technology'),(19,'Computer Engineering'),(20,'Computer Science'),(21,'Computing and Security Technology'),(22,'Construction Management'),(23,'Criminal Justice'),(24,'Culinary Arts'),(25,'Custom-Designed Major'),(26,'Dance'),(27,'Design and Merchandising'),(28,'Economics'),(29,'Electrical Engineering'),(30,'Elementary Education'),(31,'Engineering'),(32,'Engineering Technology'),(33,'English'),(34,'Entertainment and Arts Management'),(35,'Entrepreneurship'),(36,'Environmental Engineering'),(37,'Environmental Science'),(38,'Environmental Studies'),(39,'Fashion Design'),(40,'Film and Video'),(41,'Finance'),(42,'Game Art & Production'),(43,'General Business'),(44,'General Studies'),(45,'Geoscience'),(46,'Graphic Design'),(47,'Health Sciences'),(48,'Health-Services Administration'),(49,'History'),(50,'Hospitality Management'),(51,'Informatics'),(52,'Information Systems'),(53,'Information Technology'),(54,'Interactive Digital Media'),(55,'International Area Studies'),(56,'International Business'),(57,'Interior Design'),(58,'Invasive Cardiovascular Technology'),(59,'Legal Studies'),(60,'Management Information Systems'),(61,'Marketing'),(62,'Materials Science and Engineering'),(63,'Mathematics'),(64,'Mechanical Engineering'),(65,'Music Industry'),(66,'Nursing'),(67,'Nursing: RN-MSN Bridge Program'),(68,'Nutrition and Foods'),(69,'Operations and Supply Chain Management'),(70,'Philosophy'),(71,'Photography'),(72,'Physics'),(73,'Political Science'),(74,'Product Design'),(75,'Professional Studies'),(76,'Property Management'),(77,'Psychology'),(78,'Public Health'),(79,'Radio Technology'),(80,'ROTC'),(81,'Screenwriting & Playwriting'),(82,'Sociology'),(83,'Software Engineering'),(84,'Sport Management'),(85,'Teacher Education'),(86,'TV Production & Media Management'),(87,'Westphal Studies Program');
/*!40000 ALTER TABLE `Majors` ENABLE KEYS */;
UNLOCK TABLES;

--
-- Table structure for table `Matches`
--

DROP TABLE IF EXISTS `Matches`;
/*!40101 SET @saved_cs_client     = @@character_set_client */;
/*!40101 SET character_set_client = utf8 */;
CREATE TABLE `Matches` (
  `id` int(11) NOT NULL AUTO_INCREMENT,
  `userA` int(64) NOT NULL,
  `userB` int(64) NOT NULL,
  `major` int(8) NOT NULL,
  `isFinished` tinyint(1) DEFAULT NULL,
  `date_matched` timestamp NOT NULL DEFAULT CURRENT_TIMESTAMP ON UPDATE CURRENT_TIMESTAMP,
  PRIMARY KEY (`id`)
) ENGINE=InnoDB AUTO_INCREMENT=174 DEFAULT CHARSET=latin1;
/*!40101 SET character_set_client = @saved_cs_client */;

--
-- Dumping data for table `Matches`
--

LOCK TABLES `Matches` WRITE;
/*!40000 ALTER TABLE `Matches` DISABLE KEYS */;
INSERT INTO `Matches` VALUES (1,72,83,60,0,'2014-05-28 21:10:02'),(2,86,62,4,0,'2014-05-28 21:10:02'),(3,5,59,58,0,'2014-05-28 21:10:02'),(4,33,56,2,0,'2014-05-28 21:10:02'),(5,22,82,62,0,'2014-05-28 21:10:02'),(6,96,74,79,0,'2014-05-28 21:10:02'),(7,47,92,6,0,'2014-05-28 21:10:02'),(8,10,50,13,0,'2014-05-28 21:10:03'),(9,75,26,48,0,'2014-05-28 21:10:03'),(10,91,20,17,0,'2014-05-28 21:10:03'),(11,40,87,3,0,'2014-05-28 21:10:03'),(12,29,68,5,0,'2014-05-28 21:10:03'),(13,77,181,61,0,'2014-05-28 21:10:09'),(14,36,129,27,0,'2014-05-28 21:10:09'),(15,149,85,58,0,'2014-05-28 21:10:09'),(16,65,156,72,0,'2014-05-28 21:10:09'),(17,64,187,39,0,'2014-05-28 21:10:09'),(18,135,80,10,0,'2014-05-28 21:10:10'),(19,101,127,50,0,'2014-05-28 21:10:10'),(20,106,139,25,0,'2014-05-28 21:10:10'),(21,49,126,32,0,'2014-05-28 21:10:10'),(22,25,151,30,0,'2014-05-28 21:10:10'),(23,191,98,4,0,'2014-05-28 21:10:10'),(24,107,93,41,0,'2014-05-28 21:10:10'),(25,78,180,53,0,'2014-05-28 21:10:10'),(26,193,103,75,0,'2014-05-28 21:10:10'),(27,177,38,19,0,'2014-05-28 21:10:10'),(28,178,18,71,0,'2014-05-28 21:10:10'),(29,15,134,85,0,'2014-05-28 21:10:10'),(30,39,165,76,0,'2014-05-28 21:10:10'),(31,140,138,75,0,'2014-05-28 21:10:10'),(32,32,112,68,0,'2014-05-28 21:10:10'),(33,199,148,67,0,'2014-05-28 21:10:10'),(34,102,108,37,0,'2014-05-28 21:10:10'),(35,14,104,10,0,'2014-05-28 21:10:10'),(36,133,63,9,0,'2014-05-28 21:10:10'),(37,57,124,14,0,'2014-05-28 21:10:10'),(38,255,189,43,0,'2014-05-28 21:10:15'),(39,241,271,32,0,'2014-05-28 21:10:15'),(40,237,116,4,0,'2014-05-28 21:10:15'),(41,185,222,84,0,'2014-05-28 21:10:15'),(42,145,277,2,0,'2014-05-28 21:10:15'),(43,37,254,74,0,'2014-05-28 21:10:15'),(44,201,12,38,0,'2014-05-28 21:10:15'),(45,295,248,21,0,'2014-05-28 21:10:15'),(46,209,23,58,0,'2014-05-28 21:10:15'),(47,224,100,86,0,'2014-05-28 21:10:15'),(48,225,285,54,0,'2014-05-28 21:10:15'),(49,238,287,33,0,'2014-05-28 21:10:15'),(50,208,240,52,0,'2014-05-28 21:10:15'),(51,218,244,73,0,'2014-05-28 21:10:15'),(52,155,283,40,0,'2014-05-28 21:10:16'),(53,76,291,40,0,'2014-05-28 21:10:16'),(54,35,267,49,0,'2014-05-28 21:10:16'),(55,105,227,71,0,'2014-05-28 21:10:16'),(56,212,2,73,0,'2014-05-28 21:10:16'),(57,9,233,6,0,'2014-05-28 21:10:16'),(58,206,136,32,0,'2014-05-28 21:10:16'),(59,250,48,56,0,'2014-05-28 21:10:16'),(60,264,121,55,0,'2014-05-28 21:10:16'),(61,170,253,20,0,'2014-05-28 21:10:16'),(62,249,144,37,0,'2014-05-28 21:10:16'),(63,270,297,23,0,'2014-05-28 21:10:16'),(64,278,131,15,0,'2014-05-28 21:10:16'),(65,89,263,45,0,'2014-05-28 21:10:16'),(66,321,242,78,0,'2014-05-30 20:38:06'),(67,337,357,5,0,'2014-05-30 20:38:06'),(68,260,335,76,0,'2014-05-30 20:38:06'),(69,284,384,49,0,'2014-05-30 20:38:06'),(70,306,393,6,0,'2014-05-30 20:38:06'),(71,90,303,35,0,'2014-05-30 20:38:06'),(72,358,21,4,0,'2014-05-30 20:38:06'),(73,365,51,61,0,'2014-05-30 20:38:06'),(74,380,308,44,0,'2014-05-30 20:38:06'),(75,43,347,35,0,'2014-05-30 20:38:06'),(76,375,204,60,0,'2014-05-30 20:38:06'),(77,169,392,31,0,'2014-05-30 20:38:06'),(78,31,345,63,0,'2014-05-30 20:38:06'),(79,246,399,28,0,'2014-05-30 20:38:06'),(80,179,315,41,0,'2014-05-30 20:38:06'),(81,378,53,41,0,'2014-05-30 20:38:07'),(82,364,356,37,0,'2014-05-30 20:38:07'),(83,331,175,25,0,'2014-05-30 20:38:07'),(84,354,312,37,0,'2014-05-30 20:38:07'),(85,400,258,68,0,'2014-05-30 20:38:07'),(86,338,207,19,0,'2014-05-30 20:38:07'),(87,391,71,76,0,'2014-05-30 20:38:07'),(88,275,344,29,0,'2014-05-30 20:38:07'),(89,203,309,87,0,'2014-05-30 20:38:07'),(90,168,363,49,0,'2014-05-30 20:38:07'),(91,27,396,60,0,'2014-05-30 20:38:07'),(92,330,377,82,0,'2014-05-30 20:38:07'),(93,202,376,61,0,'2014-05-30 20:38:07'),(94,401,128,2,0,'2014-06-02 17:58:20'),(95,352,450,16,0,'2014-06-02 17:58:43'),(96,351,430,6,0,'2014-06-02 17:58:43'),(97,444,476,31,0,'2014-06-02 17:58:43'),(98,446,293,18,0,'2014-06-02 17:58:43'),(99,403,492,4,0,'2014-06-02 17:58:43'),(100,412,342,68,0,'2014-06-02 17:58:43'),(101,153,406,86,0,'2014-06-02 17:58:44'),(102,411,163,79,0,'2014-06-02 17:58:44'),(103,416,17,84,0,'2014-06-02 17:58:44'),(104,261,447,86,0,'2014-06-02 17:58:44'),(105,493,422,49,0,'2014-06-02 17:58:44'),(106,494,239,55,0,'2014-06-02 17:58:44'),(107,4,432,38,0,'2014-06-02 17:58:44'),(108,289,500,65,0,'2014-06-02 17:58:44'),(109,429,265,72,0,'2014-06-02 17:58:44'),(110,467,452,63,0,'2014-06-02 17:58:44'),(111,374,404,16,0,'2014-06-02 17:58:44'),(112,188,445,49,0,'2014-06-02 17:58:44'),(113,343,419,56,0,'2014-06-02 17:58:44'),(114,362,415,79,0,'2014-06-02 17:58:44'),(115,431,441,24,0,'2014-06-02 17:58:44'),(116,465,269,5,0,'2014-06-02 17:58:44'),(117,66,489,86,0,'2014-06-02 17:58:44'),(118,479,117,57,0,'2014-06-02 17:58:44'),(119,453,8,18,0,'2014-06-02 17:58:44'),(120,457,490,61,0,'2014-06-02 17:58:44'),(121,466,28,78,0,'2014-06-02 17:58:44'),(122,469,325,46,0,'2014-06-02 17:58:44'),(123,478,470,72,0,'2014-06-02 17:58:44'),(124,417,372,57,0,'2014-06-02 17:58:44'),(125,433,322,27,0,'2014-06-02 17:58:44'),(126,427,409,40,0,'2014-06-02 17:58:44'),(127,439,162,14,0,'2014-06-02 17:58:44'),(128,184,448,44,0,'2014-06-02 17:58:44'),(129,418,495,45,0,'2014-06-02 17:58:44'),(130,160,459,83,0,'2014-06-02 17:58:44'),(131,472,125,36,0,'2014-06-02 17:58:45'),(132,196,477,67,0,'2014-06-02 17:58:45'),(133,488,190,82,0,'2014-06-02 17:58:45'),(134,437,442,64,0,'2014-06-02 17:58:45'),(135,402,536,60,0,'2014-06-02 17:58:48'),(136,456,562,8,0,'2014-06-02 17:58:48'),(137,534,266,38,0,'2014-06-02 17:58:48'),(138,530,294,16,0,'2014-06-02 17:58:48'),(139,420,527,66,0,'2014-06-02 17:58:48'),(140,99,519,11,0,'2014-06-02 17:58:48'),(141,205,568,29,0,'2014-06-02 17:58:48'),(142,464,592,53,0,'2014-06-02 17:58:48'),(143,336,593,15,0,'2014-06-02 17:58:48'),(144,581,506,42,0,'2014-06-02 17:58:48'),(145,407,556,25,0,'2014-06-02 17:58:48'),(146,288,517,26,0,'2014-06-02 17:58:48'),(147,327,507,12,0,'2014-06-02 17:58:48'),(148,590,473,10,0,'2014-06-02 17:58:48'),(149,496,565,46,0,'2014-06-02 17:58:48'),(150,395,521,52,0,'2014-06-02 17:58:48'),(151,451,553,22,0,'2014-06-02 17:58:48'),(152,373,540,47,0,'2014-06-02 17:58:48'),(153,571,397,38,0,'2014-06-02 17:58:48'),(154,591,24,76,0,'2014-06-02 17:58:48'),(155,537,486,87,0,'2014-06-02 17:58:48'),(156,118,542,51,0,'2014-06-02 17:58:48'),(157,588,13,62,0,'2014-06-02 17:58:48'),(158,577,143,13,0,'2014-06-02 17:58:48'),(159,45,552,14,0,'2014-06-02 17:58:48'),(160,531,539,22,0,'2014-06-02 17:58:48'),(161,142,543,62,0,'2014-06-02 17:58:48'),(162,584,497,20,0,'2014-06-02 17:58:49'),(163,541,482,27,0,'2014-06-02 17:58:49'),(164,514,220,79,0,'2014-06-02 17:58:49'),(165,549,58,44,0,'2014-06-02 17:58:49'),(166,152,587,7,0,'2014-06-02 17:58:49'),(167,319,526,11,0,'2014-06-02 17:58:49'),(168,171,535,87,0,'2014-06-02 17:58:49'),(169,510,19,11,0,'2014-06-02 17:58:49'),(170,505,84,10,0,'2014-06-02 17:58:49'),(171,504,69,79,0,'2014-06-02 17:58:49'),(172,564,560,49,0,'2014-06-02 17:58:49'),(173,558,235,79,0,'2014-06-02 17:58:49');
/*!40000 ALTER TABLE `Matches` ENABLE KEYS */;
UNLOCK TABLES;

--
-- Table structure for table `Users`
--

DROP TABLE IF EXISTS `Users`;
/*!40101 SET @saved_cs_client     = @@character_set_client */;
/*!40101 SET character_set_client = utf8 */;
CREATE TABLE `Users` (
  `id` int(11) NOT NULL AUTO_INCREMENT,
  `name` varchar(50) NOT NULL,
  `password` varchar(32) DEFAULT NULL,
  `email` varchar(20) NOT NULL,
  `cycle` int(11) NOT NULL,
  `num_year_program` int(16) DEFAULT NULL,
  `major` int(8) NOT NULL,
  `matched` int(8) NOT NULL,
  `Matches_id` int(64) NOT NULL,
  `dropped_matches` int(8) DEFAULT NULL,
  `register_date` timestamp NOT NULL DEFAULT CURRENT_TIMESTAMP ON UPDATE CURRENT_TIMESTAMP,
  `payment` int(128) NOT NULL,
  `gradYear` int(128) NOT NULL,
  PRIMARY KEY (`id`)
) ENGINE=InnoDB AUTO_INCREMENT=603 DEFAULT CHARSET=latin1;
/*!40101 SET character_set_client = @saved_cs_client */;

--
-- Dumping data for table `Users`
--

LOCK TABLES `Users` WRITE;
/*!40000 ALTER TABLE `Users` DISABLE KEYS */;
INSERT INTO `Users` VALUES (1,'banana','c4ca4238a0b923820dcc509a6f75849b','banana1@drexel.edu',2,1,62,0,0,4,'2014-05-29 04:00:00',0,0),(2,'apple','c81e728d9d4c2f636f067f89cc14862c','apple2@drexel.edu',1,1,73,1,56,3,'2014-05-28 21:10:16',0,0),(3,'mango','eccbc87e4b5ce2fe28308fd9f2a7baf3','mango3@drexel.edu',2,1,29,0,0,2,'2014-05-31 04:00:00',0,0),(4,'mango','a87ff679a2f3e71d9181a67b7542122c','mango4@drexel.edu',2,2,38,1,107,0,'2014-06-02 17:58:44',0,0),(5,'blueberry','e4da3b7fbbce2345d7772b0674a318d5','blueberry5@drexel.ed',2,1,58,1,3,0,'2014-05-28 21:10:02',0,0),(6,'blueberry','1679091c5a880faf6fb5e6087eb1b2dc','blueberry6@drexel.ed',1,2,35,0,0,4,'2014-06-03 04:00:00',0,0),(7,'banana','8f14e45fceea167a5a36dedd4bea2543','banana7@drexel.edu',2,2,19,0,0,0,'2014-06-04 04:00:00',0,0),(8,'grape','c9f0f895fb98ab9159f51fd0297e236d','grape8@drexel.edu',1,2,18,1,119,2,'2014-06-02 17:58:44',0,0),(9,'blueberry','45c48cce2e2d7fbdea1afc51c7c6ad26','blueberry9@drexel.ed',2,2,6,1,57,2,'2014-05-28 21:10:16',0,0),(10,'mango','d3d9446802a44259755d38e6d163e820','mango10@drexel.edu',2,1,13,1,8,1,'2014-05-28 21:10:03',0,0),(11,'grape','6512bd43d9caa6e02c990b0a82652dca','grape11@drexel.edu',2,2,12,0,0,2,'2014-06-08 04:00:00',0,0),(12,'mango','c20ad4d76fe97759aa27a0c99bff6710','mango12@drexel.edu',2,1,38,1,44,1,'2014-05-28 21:10:15',0,0),(13,'banana','c51ce410c124a10e0db5e4b97fc2af39','banana13@drexel.edu',2,1,62,1,157,1,'2014-06-02 17:58:48',0,0),(14,'apple','aab3238922bcc25a6f606eb525ffdc56','apple14@drexel.edu',1,1,10,1,35,3,'2014-05-28 21:10:10',0,0),(15,'banana','9bf31c7ff062936a96d3c8bd1f8f2ff3','banana15@drexel.edu',2,2,85,1,29,1,'2014-05-28 21:10:10',0,0),(16,'apple','c74d97b01eae257e44aa9d5bade97baf','apple16@drexel.edu',2,2,75,0,0,1,'2014-06-13 04:00:00',0,0),(17,'grape','70efdf2ec9b086079795c442636b55fb','grape17@drexel.edu',2,1,84,1,103,3,'2014-06-02 17:58:44',0,0),(18,'banana','6f4922f45568161a8cdf4ad2299f6d23','banana18@drexel.edu',1,2,71,1,28,3,'2014-05-28 21:10:10',0,0),(19,'apple','1f0e3dad99908345f7439f8ffabdffc4','apple19@drexel.edu',1,1,11,1,169,3,'2014-06-02 17:58:49',0,0),(20,'banana','98f13708210194c475687be6106a3b84','banana20@drexel.edu',1,2,17,1,10,4,'2014-05-28 21:10:03',0,0),(21,'grape','3c59dc048e8850243be8079a5c74d079','grape21@drexel.edu',1,1,4,1,72,3,'2014-05-30 20:38:06',0,0),(22,'grape','b6d767d2f8ed5d21a44b0e5886680cb9','grape22@drexel.edu',1,2,62,1,5,1,'2014-05-28 21:10:02',0,0),(23,'grape','37693cfc748049e45d87b8c7d8b9aacd','grape23@drexel.edu',1,1,58,1,46,3,'2014-05-28 21:10:15',0,0),(24,'blueberry','1ff1de774005f8da13f42943881c655f','blueberry24@drexel.e',1,2,76,1,154,4,'2014-06-02 17:58:48',0,0),(25,'grape','8e296a067a37563370ded05f5a3bf3ec','grape25@drexel.edu',2,1,30,1,22,0,'2014-05-28 21:10:10',0,0),(26,'grape','4e732ced3463d06de0ca9a15b6153677','grape26@drexel.edu',1,2,48,1,9,3,'2014-05-28 21:10:03',0,0),(27,'banana','02e74f10e0327ad868d138f2b4fdd6f0','banana27@drexel.edu',2,1,60,1,91,2,'2014-05-30 20:38:07',0,0),(28,'mango','33e75ff09dd601bbe69f351039152189','mango28@drexel.edu',2,1,78,1,121,3,'2014-06-02 17:58:44',0,0),(29,'apple','6ea9ab1baa0efb9e19094440c317e21b','apple29@drexel.edu',2,2,5,1,12,2,'2014-05-28 21:10:03',0,0),(30,'blueberry','34173cb38f07f89ddbebc2ac9128303f','blueberry30@drexel.e',1,2,87,0,0,4,'2014-06-27 04:00:00',0,0),(31,'banana','c16a5320fa475530d9583c34fd356ef5','banana31@drexel.edu',2,1,63,1,78,1,'2014-05-30 20:38:06',0,0),(32,'mango','6364d3f0f495b6ab9dcf8d3b5c6e0b01','mango32@drexel.edu',2,1,68,1,32,2,'2014-05-28 21:10:10',0,0),(33,'apple','182be0c5cdcd5072bb1864cdee4d3d6e','apple33@drexel.edu',2,2,2,1,4,1,'2014-05-28 21:10:02',0,0),(34,'grape','e369853df766fa44e1ed0ff613f563bd','grape34@drexel.edu',1,1,85,0,0,3,'2014-07-01 04:00:00',0,0),(35,'grape','1c383cd30b7c298ab50293adfecb7b18','grape35@drexel.edu',2,1,49,1,54,2,'2014-05-28 21:10:16',0,0),(36,'grape','19ca14e7ea6328a42e0eb13d585e4c22','grape36@drexel.edu',1,2,27,1,14,0,'2014-05-28 21:10:09',0,0),(37,'banana','a5bfc9e07964f8dddeb95fc584cd965d','banana37@drexel.edu',1,1,74,1,43,0,'2014-05-28 21:10:15',0,0),(38,'mango','a5771bce93e200c36f7cd9dfd0e5deaa','mango38@drexel.edu',2,1,19,1,27,1,'2014-05-28 21:10:10',0,0),(39,'blueberry','d67d8ab4f4c10bf22aa353e27879133c','blueberry39@drexel.e',1,2,76,1,30,2,'2014-05-28 21:10:10',0,0),(40,'apple','d645920e395fedad7bbbed0eca3fe2e0','apple40@drexel.edu',1,1,3,1,11,2,'2014-05-28 21:10:03',0,0),(41,'banana','3416a75f4cea9109507cacd8e2f2aefc','banana41@drexel.edu',1,2,26,0,0,1,'2014-07-08 04:00:00',0,0),(42,'blueberry','a1d0c6e83f027327d8461063f4ac58a6','blueberry42@drexel.e',1,1,7,0,0,3,'2014-07-09 04:00:00',0,0),(43,'apple','17e62166fc8586dfa4d1bc0e1742c08b','apple43@drexel.edu',1,2,35,1,75,0,'2014-05-30 20:38:06',0,0),(44,'grape','f7177163c833dff4b38fc8d2872f1ec6','grape44@drexel.edu',1,1,4,0,0,4,'2014-07-11 04:00:00',0,0),(45,'banana','6c8349cc7260ae62e3b1396831a8398f','banana45@drexel.edu',1,2,14,1,159,1,'2014-06-02 17:58:48',0,0),(46,'grape','d9d4f495e875a2e075a1a4a6e1b9770f','grape46@drexel.edu',2,1,35,0,0,4,'2014-07-13 04:00:00',0,0),(47,'banana','67c6a1e7ce56d3d6fa748ab6d9af3fd7','banana47@drexel.edu',2,1,6,1,7,1,'2014-05-28 21:10:02',0,0),(48,'grape','642e92efb79421734881b53e1e1b18b6','grape48@drexel.edu',2,1,56,1,59,3,'2014-05-28 21:10:16',0,0),(49,'apple','f457c545a9ded88f18ecee47145a72c0','apple49@drexel.edu',1,2,32,1,21,0,'2014-05-28 21:10:10',0,0),(50,'blueberry','c0c7c76d30bd3dcaefc96f40275bdc0a','blueberry50@drexel.e',1,1,13,1,8,4,'2014-05-28 21:10:03',0,0),(51,'grape','2838023a778dfaecdc212708f721b788','grape51@drexel.edu',2,1,61,1,73,4,'2014-05-30 20:38:06',0,0),(52,'grape','9a1158154dfa42caddbd0694a4e9bdc8','grape52@drexel.edu',1,1,39,0,0,3,'2014-07-19 04:00:00',0,0),(53,'apple','d82c8d1619ad8176d665453cfb2e55f0','apple53@drexel.edu',2,1,41,1,81,4,'2014-05-30 20:38:07',0,0),(54,'apple','a684eceee76fc522773286a895bc8436','apple54@drexel.edu',1,1,33,0,0,3,'2014-07-21 04:00:00',0,0),(55,'blueberry','b53b3a3d6ab90ce0268229151c9bde11','blueberry55@drexel.e',1,1,83,0,0,3,'2014-07-22 04:00:00',0,0),(56,'banana','9f61408e3afb633e50cdf1b20de6f466','banana56@drexel.edu',1,2,2,1,4,3,'2014-05-28 21:10:02',0,0),(57,'blueberry','72b32a1f754ba1c09b3695e0cb6cde7f','blueberry57@drexel.e',2,1,14,1,37,4,'2014-05-28 21:10:10',0,0),(58,'mango','66f041e16a60928b05a7e228a89c3799','mango58@drexel.edu',2,2,44,1,165,4,'2014-06-02 17:58:49',0,0),(59,'banana','093f65e080a295f8076b1c5722a46aa2','banana59@drexel.edu',1,1,58,1,3,2,'2014-05-28 21:10:02',0,0),(60,'banana','072b030ba126b2f4b2374f342be9ed44','banana60@drexel.edu',1,1,87,0,0,3,'2014-07-27 04:00:00',0,0),(61,'blueberry','7f39f8317fbdb1988ef4c628eba02591','blueberry61@drexel.e',1,1,83,0,0,3,'2014-07-28 04:00:00',0,0),(62,'apple','44f683a84163b3523afe57c2e008bc8c','apple62@drexel.edu',2,2,4,1,2,3,'2014-05-28 21:10:02',0,0),(63,'mango','03afdbd66e7929b125f8597834fa83a4','mango63@drexel.edu',2,2,9,1,36,4,'2014-05-28 21:10:10',0,0),(64,'grape','ea5d2f1c4608232e07d3aa3d998e5135','grape64@drexel.edu',2,2,39,1,17,0,'2014-05-28 21:10:09',0,0),(65,'banana','fc490ca45c00b1249bbe3554a4fdf6fb','banana65@drexel.edu',2,1,72,1,16,0,'2014-05-28 21:10:09',0,0),(66,'mango','3295c76acbf4caaed33c36b1b5fc2cb1','mango66@drexel.edu',2,1,86,1,117,1,'2014-06-02 17:58:44',0,0),(67,'grape','735b90b4568125ed6c3f678819b6e058','grape67@drexel.edu',2,2,6,0,0,3,'2014-08-03 04:00:00',0,0),(68,'mango','a3f390d88e4c41f2747bfa2f1b5f87db','mango68@drexel.edu',1,2,5,1,12,4,'2014-05-28 21:10:03',0,0),(69,'banana','14bfa6bb14875e45bba028a21ed38046','banana69@drexel.edu',1,1,79,1,171,4,'2014-06-02 17:58:49',0,0),(70,'blueberry','7cbbc409ec990f19c78c75bd1e06f215','blueberry70@drexel.e',2,1,52,0,0,4,'2014-08-06 04:00:00',0,0),(71,'banana','e2c420d928d4bf8ce0ff2ec19b371514','banana71@drexel.edu',2,1,76,1,87,3,'2014-05-30 20:38:07',0,0),(72,'apple','32bb90e8976aab5298d5da10fe66f21d','apple72@drexel.edu',2,2,60,1,1,0,'2014-05-28 21:10:02',0,0),(73,'apple','d2ddea18f00665ce8623e36bd4e3c7c5','apple73@drexel.edu',2,1,63,0,0,4,'2014-08-09 04:00:00',0,0),(74,'mango','ad61ab143223efbc24c7d2583be69251','mango74@drexel.edu',2,2,79,1,6,3,'2014-05-28 21:10:02',0,0),(75,'mango','d09bf41544a3365a46c9077ebb5e35c3','mango75@drexel.edu',2,2,48,1,9,2,'2014-05-28 21:10:03',0,0),(76,'banana','fbd7939d674997cdb4692d34de8633c4','banana76@drexel.edu',1,1,40,1,53,1,'2014-05-28 21:10:16',0,0),(77,'apple','28dd2c7955ce926456240b2ff0100bde','apple77@drexel.edu',1,2,61,1,13,0,'2014-05-28 21:10:09',0,0),(78,'blueberry','35f4a8d465e6e1edc05f3d8ab658c551','blueberry78@drexel.e',2,2,53,1,25,1,'2014-05-28 21:10:10',0,0),(79,'mango','d1fe173d08e959397adf34b1d77e88d7','mango79@drexel.edu',2,2,60,0,0,2,'2014-08-15 04:00:00',0,0),(80,'mango','f033ab37c30201f73f142449d037028d','mango80@drexel.edu',2,2,10,1,18,4,'2014-05-28 21:10:10',0,0),(81,'grape','43ec517d68b6edd3015b3edc9a11367b','grape81@drexel.edu',2,2,21,0,0,4,'2014-08-17 04:00:00',0,0),(82,'banana','9778d5d219c5080b9a6a17bef029331c','banana82@drexel.edu',2,2,62,1,5,3,'2014-05-28 21:10:02',0,0),(83,'grape','fe9fc289c3ff0af142b6d3bead98a923','grape83@drexel.edu',1,2,60,1,1,2,'2014-05-28 21:10:02',0,0),(84,'banana','68d30a9594728bc39aa24be94b319d21','banana84@drexel.edu',2,2,10,1,170,4,'2014-06-02 17:58:49',0,0),(85,'grape','3ef815416f775098fe977004015c6193','grape85@drexel.edu',1,2,58,1,15,1,'2014-05-28 21:10:09',0,0),(86,'banana','93db85ed909c13838ff95ccfa94cebd9','banana86@drexel.edu',1,2,4,1,2,0,'2014-05-28 21:10:02',0,0),(87,'mango','c7e1249ffc03eb9ded908c236bd1996d','mango87@drexel.edu',2,1,3,1,11,3,'2014-05-28 21:10:03',0,0),(88,'mango','2a38a4a9316c49e5a833517c45d31070','mango88@drexel.edu',2,2,6,0,0,2,'2014-08-24 04:00:00',0,0),(89,'banana','7647966b7343c29048673252e490f736','banana89@drexel.edu',2,1,45,1,65,4,'2014-05-28 21:10:16',0,0),(90,'blueberry','8613985ec49eb8f757ae6439e879bb2a','blueberry90@drexel.e',2,1,35,1,71,0,'2014-05-30 20:38:06',0,0),(91,'mango','54229abfcfa5649e7003b83dd4755294','mango91@drexel.edu',2,2,17,1,10,2,'2014-05-28 21:10:03',0,0),(92,'apple','92cc227532d17e56e07902b254dfad10','apple92@drexel.edu',1,1,6,1,7,4,'2014-05-28 21:10:02',0,0),(93,'blueberry','98dce83da57b0395e163467c9dae521b','blueberry93@drexel.e',1,2,41,1,24,1,'2014-05-28 21:10:10',0,0),(94,'apple','f4b9ec30ad9f68f89b29639786cb62ef','apple94@drexel.edu',2,1,68,0,0,2,'2014-08-30 04:00:00',0,0),(95,'mango','812b4ba287f5ee0bc9d43bbf5bbe87fb','mango95@drexel.edu',2,1,34,0,0,3,'2014-08-31 04:00:00',0,0),(96,'grape','26657d5ff9020d2abefe558796b99584','grape96@drexel.edu',1,2,79,1,6,1,'2014-05-28 21:10:02',0,0),(97,'grape','e2ef524fbf3d9fe611d5a8e90fefdc9c','grape97@drexel.edu',1,1,31,0,0,2,'2014-09-02 04:00:00',0,0),(98,'blueberry','ed3d2c21991e3bef5e069713af9fa6ca','blueberry98@drexel.e',1,1,4,1,23,1,'2014-05-28 21:10:10',0,0),(99,'grape','ac627ab1ccbdb62ec96e702f07f6425b','grape99@drexel.edu',1,1,11,1,140,0,'2014-06-02 17:58:48',0,0),(100,'mango','f899139df5e1059396431415e770c6dd','mango100@drexel.edu',2,2,86,1,47,3,'2014-05-28 21:10:15',0,0),(101,'mango','c4ca4238a0b923820dcc509a6f75849b','mango1@drexel.edu',1,2,50,1,19,0,'2014-05-28 21:10:10',0,0),(102,'apple','c81e728d9d4c2f636f067f89cc14862c','apple2@drexel.edu',1,2,37,1,34,2,'2014-05-28 21:10:10',0,0),(103,'grape','eccbc87e4b5ce2fe28308fd9f2a7baf3','grape3@drexel.edu',1,2,75,1,26,4,'2014-05-28 21:10:10',0,0),(104,'mango','a87ff679a2f3e71d9181a67b7542122c','mango4@drexel.edu',2,1,10,1,35,3,'2014-05-28 21:10:10',0,0),(105,'banana','e4da3b7fbbce2345d7772b0674a318d5','banana5@drexel.edu',1,1,71,1,55,2,'2014-05-28 21:10:16',0,0),(106,'mango','1679091c5a880faf6fb5e6087eb1b2dc','mango6@drexel.edu',2,2,25,1,20,0,'2014-05-28 21:10:10',0,0),(107,'apple','8f14e45fceea167a5a36dedd4bea2543','apple7@drexel.edu',2,2,41,1,24,1,'2014-05-28 21:10:10',0,0),(108,'blueberry','c9f0f895fb98ab9159f51fd0297e236d','blueberry8@drexel.ed',2,2,37,1,34,3,'2014-05-28 21:10:10',0,0),(109,'grape','45c48cce2e2d7fbdea1afc51c7c6ad26','grape9@drexel.edu',2,2,33,0,0,3,'2014-06-06 04:00:00',0,0),(110,'mango','d3d9446802a44259755d38e6d163e820','mango10@drexel.edu',1,1,72,0,0,4,'2014-06-07 04:00:00',0,0),(111,'blueberry','6512bd43d9caa6e02c990b0a82652dca','blueberry11@drexel.e',2,1,42,0,0,3,'2014-06-08 04:00:00',0,0),(112,'apple','c20ad4d76fe97759aa27a0c99bff6710','apple12@drexel.edu',1,1,68,1,32,4,'2014-05-28 21:10:10',0,0),(113,'grape','c51ce410c124a10e0db5e4b97fc2af39','grape13@drexel.edu',1,2,74,0,0,1,'2014-06-10 04:00:00',0,0),(114,'apple','aab3238922bcc25a6f606eb525ffdc56','apple14@drexel.edu',2,2,11,0,0,4,'2014-06-11 04:00:00',0,0),(115,'apple','9bf31c7ff062936a96d3c8bd1f8f2ff3','apple15@drexel.edu',1,2,5,0,0,3,'2014-06-12 04:00:00',0,0),(116,'blueberry','c74d97b01eae257e44aa9d5bade97baf','blueberry16@drexel.e',1,1,4,1,40,1,'2014-05-28 21:10:15',0,0),(117,'banana','70efdf2ec9b086079795c442636b55fb','banana17@drexel.edu',1,1,57,1,118,2,'2014-06-02 17:58:44',0,0),(118,'blueberry','6f4922f45568161a8cdf4ad2299f6d23','blueberry18@drexel.e',1,2,51,1,156,1,'2014-06-02 17:58:48',0,0),(119,'apple','1f0e3dad99908345f7439f8ffabdffc4','apple19@drexel.edu',1,1,85,0,0,3,'2014-06-16 04:00:00',0,0),(120,'blueberry','98f13708210194c475687be6106a3b84','blueberry20@drexel.e',1,2,4,0,0,3,'2014-06-17 04:00:00',0,0),(121,'banana','3c59dc048e8850243be8079a5c74d079','banana21@drexel.edu',2,1,55,1,60,4,'2014-05-28 21:10:16',0,0),(122,'grape','b6d767d2f8ed5d21a44b0e5886680cb9','grape22@drexel.edu',2,2,19,0,0,0,'2014-06-19 04:00:00',0,0),(123,'blueberry','37693cfc748049e45d87b8c7d8b9aacd','blueberry23@drexel.e',1,1,30,0,0,4,'2014-06-20 04:00:00',0,0),(124,'blueberry','1ff1de774005f8da13f42943881c655f','blueberry24@drexel.e',1,1,14,1,37,4,'2014-05-28 21:10:10',0,0),(125,'apple','8e296a067a37563370ded05f5a3bf3ec','apple25@drexel.edu',1,2,36,1,131,4,'2014-06-02 17:58:45',0,0),(126,'grape','4e732ced3463d06de0ca9a15b6153677','grape26@drexel.edu',2,2,32,1,21,4,'2014-05-28 21:10:10',0,0),(127,'apple','02e74f10e0327ad868d138f2b4fdd6f0','apple27@drexel.edu',2,2,50,1,19,4,'2014-05-28 21:10:10',0,0),(128,'apple','33e75ff09dd601bbe69f351039152189','apple28@drexel.edu',2,1,2,1,94,1,'2014-06-02 17:58:20',0,0),(129,'blueberry','6ea9ab1baa0efb9e19094440c317e21b','blueberry29@drexel.e',2,2,27,1,14,0,'2014-05-28 21:10:09',0,0),(130,'grape','34173cb38f07f89ddbebc2ac9128303f','grape30@drexel.edu',1,2,26,0,0,0,'2014-06-27 04:00:00',0,0),(131,'banana','c16a5320fa475530d9583c34fd356ef5','banana31@drexel.edu',1,2,15,1,64,4,'2014-05-28 21:10:16',0,0),(132,'blueberry','6364d3f0f495b6ab9dcf8d3b5c6e0b01','blueberry32@drexel.e',1,1,40,0,0,3,'2014-06-29 04:00:00',0,0),(133,'banana','182be0c5cdcd5072bb1864cdee4d3d6e','banana33@drexel.edu',1,2,9,1,36,3,'2014-05-28 21:10:10',0,0),(134,'apple','e369853df766fa44e1ed0ff613f563bd','apple34@drexel.edu',1,2,85,1,29,3,'2014-05-28 21:10:10',0,0),(135,'mango','1c383cd30b7c298ab50293adfecb7b18','mango35@drexel.edu',1,2,10,1,18,0,'2014-05-28 21:10:10',0,0),(136,'grape','19ca14e7ea6328a42e0eb13d585e4c22','grape36@drexel.edu',1,2,32,1,58,2,'2014-05-28 21:10:16',0,0),(137,'grape','a5bfc9e07964f8dddeb95fc584cd965d','grape37@drexel.edu',1,2,57,0,0,0,'2014-07-04 04:00:00',0,0),(138,'blueberry','a5771bce93e200c36f7cd9dfd0e5deaa','blueberry38@drexel.e',2,1,75,1,31,4,'2014-05-28 21:10:10',0,0),(139,'apple','d67d8ab4f4c10bf22aa353e27879133c','apple39@drexel.edu',1,2,25,1,20,1,'2014-05-28 21:10:10',0,0),(140,'blueberry','d645920e395fedad7bbbed0eca3fe2e0','blueberry40@drexel.e',1,1,75,1,31,2,'2014-05-28 21:10:10',0,0),(141,'mango','3416a75f4cea9109507cacd8e2f2aefc','mango41@drexel.edu',1,1,85,0,0,2,'2014-07-08 04:00:00',0,0),(142,'apple','a1d0c6e83f027327d8461063f4ac58a6','apple42@drexel.edu',2,2,62,1,161,1,'2014-06-02 17:58:48',0,0),(143,'apple','17e62166fc8586dfa4d1bc0e1742c08b','apple43@drexel.edu',2,1,13,1,158,3,'2014-06-02 17:58:48',0,0),(144,'mango','f7177163c833dff4b38fc8d2872f1ec6','mango44@drexel.edu',2,2,37,1,62,4,'2014-05-28 21:10:16',0,0),(145,'mango','6c8349cc7260ae62e3b1396831a8398f','mango45@drexel.edu',2,1,2,1,42,0,'2014-05-28 21:10:15',0,0),(146,'mango','d9d4f495e875a2e075a1a4a6e1b9770f','mango46@drexel.edu',1,1,21,0,0,4,'2014-07-13 04:00:00',0,0),(147,'blueberry','67c6a1e7ce56d3d6fa748ab6d9af3fd7','blueberry47@drexel.e',1,2,4,0,0,0,'2014-07-14 04:00:00',0,0),(148,'mango','642e92efb79421734881b53e1e1b18b6','mango48@drexel.edu',1,2,67,1,33,3,'2014-05-28 21:10:10',0,0),(149,'mango','f457c545a9ded88f18ecee47145a72c0','mango49@drexel.edu',2,2,58,1,15,0,'2014-05-28 21:10:09',0,0),(150,'mango','c0c7c76d30bd3dcaefc96f40275bdc0a','mango50@drexel.edu',2,1,50,0,0,4,'2014-07-17 04:00:00',0,0),(151,'mango','2838023a778dfaecdc212708f721b788','mango51@drexel.edu',1,1,30,1,22,1,'2014-05-28 21:10:10',0,0),(152,'grape','9a1158154dfa42caddbd0694a4e9bdc8','grape52@drexel.edu',2,2,7,1,166,2,'2014-06-02 17:58:49',0,0),(153,'mango','d82c8d1619ad8176d665453cfb2e55f0','mango53@drexel.edu',2,1,86,1,101,0,'2014-06-02 17:58:44',0,0),(154,'blueberry','a684eceee76fc522773286a895bc8436','blueberry54@drexel.e',1,1,83,0,0,1,'2014-07-21 04:00:00',0,0),(155,'grape','b53b3a3d6ab90ce0268229151c9bde11','grape55@drexel.edu',2,2,40,1,52,1,'2014-05-28 21:10:16',0,0),(156,'banana','9f61408e3afb633e50cdf1b20de6f466','banana56@drexel.edu',1,1,72,1,16,2,'2014-05-28 21:10:09',0,0),(157,'grape','72b32a1f754ba1c09b3695e0cb6cde7f','grape57@drexel.edu',2,2,84,0,0,0,'2014-07-24 04:00:00',0,0),(158,'grape','66f041e16a60928b05a7e228a89c3799','grape58@drexel.edu',1,1,40,0,0,4,'2014-07-25 04:00:00',0,0),(159,'banana','093f65e080a295f8076b1c5722a46aa2','banana59@drexel.edu',2,2,82,0,0,0,'2014-07-26 04:00:00',0,0),(160,'mango','072b030ba126b2f4b2374f342be9ed44','mango60@drexel.edu',1,2,83,1,130,3,'2014-06-02 17:58:44',0,0),(161,'apple','7f39f8317fbdb1988ef4c628eba02591','apple61@drexel.edu',1,2,77,0,0,0,'2014-07-28 04:00:00',0,0),(162,'grape','44f683a84163b3523afe57c2e008bc8c','grape62@drexel.edu',2,1,14,1,127,4,'2014-06-02 17:58:44',0,0),(163,'grape','03afdbd66e7929b125f8597834fa83a4','grape63@drexel.edu',1,1,79,1,102,1,'2014-06-02 17:58:44',0,0),(164,'blueberry','ea5d2f1c4608232e07d3aa3d998e5135','blueberry64@drexel.e',1,1,39,0,0,4,'2014-07-31 04:00:00',0,0),(165,'blueberry','fc490ca45c00b1249bbe3554a4fdf6fb','blueberry65@drexel.e',2,2,76,1,30,3,'2014-05-28 21:10:10',0,0),(166,'banana','3295c76acbf4caaed33c36b1b5fc2cb1','banana66@drexel.edu',2,2,16,0,0,2,'2014-08-02 04:00:00',0,0),(167,'blueberry','735b90b4568125ed6c3f678819b6e058','blueberry67@drexel.e',2,1,62,0,0,3,'2014-08-03 04:00:00',0,0),(168,'banana','a3f390d88e4c41f2747bfa2f1b5f87db','banana68@drexel.edu',2,1,49,1,90,2,'2014-05-30 20:38:07',0,0),(169,'blueberry','14bfa6bb14875e45bba028a21ed38046','blueberry69@drexel.e',2,2,31,1,77,1,'2014-05-30 20:38:06',0,0),(170,'banana','7cbbc409ec990f19c78c75bd1e06f215','banana70@drexel.edu',2,1,20,1,61,2,'2014-05-28 21:10:16',0,0),(171,'mango','e2c420d928d4bf8ce0ff2ec19b371514','mango71@drexel.edu',1,2,87,1,168,2,'2014-06-02 17:58:49',0,0),(172,'mango','32bb90e8976aab5298d5da10fe66f21d','mango72@drexel.edu',2,1,23,0,0,0,'2014-08-08 04:00:00',0,0),(173,'blueberry','d2ddea18f00665ce8623e36bd4e3c7c5','blueberry73@drexel.e',2,1,29,0,0,2,'2014-08-09 04:00:00',0,0),(174,'grape','ad61ab143223efbc24c7d2583be69251','grape74@drexel.edu',2,1,8,0,0,1,'2014-08-10 04:00:00',0,0),(175,'grape','d09bf41544a3365a46c9077ebb5e35c3','grape75@drexel.edu',1,1,25,1,83,3,'2014-05-30 20:38:07',0,0),(176,'grape','fbd7939d674997cdb4692d34de8633c4','grape76@drexel.edu',1,1,46,0,0,2,'2014-08-12 04:00:00',0,0),(177,'grape','28dd2c7955ce926456240b2ff0100bde','grape77@drexel.edu',1,1,19,1,27,1,'2014-05-28 21:10:10',0,0),(178,'grape','35f4a8d465e6e1edc05f3d8ab658c551','grape78@drexel.edu',2,2,71,1,28,1,'2014-05-28 21:10:10',0,0),(179,'banana','d1fe173d08e959397adf34b1d77e88d7','banana79@drexel.edu',2,2,41,1,80,1,'2014-05-30 20:38:07',0,0),(180,'banana','f033ab37c30201f73f142449d037028d','banana80@drexel.edu',1,2,53,1,25,4,'2014-05-28 21:10:10',0,0),(181,'blueberry','43ec517d68b6edd3015b3edc9a11367b','blueberry81@drexel.e',2,2,61,1,13,0,'2014-05-28 21:10:09',0,0),(182,'apple','9778d5d219c5080b9a6a17bef029331c','apple82@drexel.edu',2,1,43,0,0,1,'2014-08-18 04:00:00',0,0),(183,'mango','fe9fc289c3ff0af142b6d3bead98a923','mango83@drexel.edu',2,1,47,0,0,4,'2014-08-19 04:00:00',0,0),(184,'banana','68d30a9594728bc39aa24be94b319d21','banana84@drexel.edu',2,2,44,1,128,2,'2014-06-02 17:58:44',0,0),(185,'grape','3ef815416f775098fe977004015c6193','grape85@drexel.edu',2,1,84,1,41,0,'2014-05-28 21:10:15',0,0),(186,'apple','93db85ed909c13838ff95ccfa94cebd9','apple86@drexel.edu',2,2,8,0,0,4,'2014-08-22 04:00:00',0,0),(187,'blueberry','c7e1249ffc03eb9ded908c236bd1996d','blueberry87@drexel.e',1,2,39,1,17,4,'2014-05-28 21:10:09',0,0),(188,'grape','2a38a4a9316c49e5a833517c45d31070','grape88@drexel.edu',2,2,49,1,112,1,'2014-06-02 17:58:44',0,0),(189,'blueberry','7647966b7343c29048673252e490f736','blueberry89@drexel.e',2,2,43,1,38,4,'2014-05-28 21:10:15',0,0),(190,'grape','8613985ec49eb8f757ae6439e879bb2a','grape90@drexel.edu',2,1,82,1,133,4,'2014-06-02 17:58:45',0,0),(191,'banana','54229abfcfa5649e7003b83dd4755294','banana91@drexel.edu',2,1,4,1,23,0,'2014-05-28 21:10:10',0,0),(192,'apple','92cc227532d17e56e07902b254dfad10','apple92@drexel.edu',2,2,8,0,0,2,'2014-08-28 04:00:00',0,0),(193,'grape','98dce83da57b0395e163467c9dae521b','grape93@drexel.edu',2,2,75,1,26,1,'2014-05-28 21:10:10',0,0),(194,'grape','f4b9ec30ad9f68f89b29639786cb62ef','grape94@drexel.edu',2,1,81,0,0,0,'2014-08-30 04:00:00',0,0),(195,'blueberry','812b4ba287f5ee0bc9d43bbf5bbe87fb','blueberry95@drexel.e',2,2,41,0,0,4,'2014-08-31 04:00:00',0,0),(196,'grape','26657d5ff9020d2abefe558796b99584','grape96@drexel.edu',2,1,67,1,132,3,'2014-06-02 17:58:45',0,0),(197,'blueberry','e2ef524fbf3d9fe611d5a8e90fefdc9c','blueberry97@drexel.e',2,2,80,0,0,2,'2014-09-02 04:00:00',0,0),(198,'mango','ed3d2c21991e3bef5e069713af9fa6ca','mango98@drexel.edu',2,1,15,0,0,0,'2014-09-03 04:00:00',0,0),(199,'apple','ac627ab1ccbdb62ec96e702f07f6425b','apple99@drexel.edu',2,2,67,1,33,2,'2014-05-28 21:10:10',0,0),(200,'apple','f899139df5e1059396431415e770c6dd','apple100@drexel.edu',2,1,32,0,0,0,'2014-09-05 04:00:00',0,0),(201,'apple','c4ca4238a0b923820dcc509a6f75849b','apple1@drexel.edu',1,1,38,1,44,0,'2014-05-28 21:10:15',0,0),(202,'blueberry','c81e728d9d4c2f636f067f89cc14862c','blueberry2@drexel.ed',2,2,61,1,93,4,'2014-05-30 20:38:07',0,0),(203,'banana','eccbc87e4b5ce2fe28308fd9f2a7baf3','banana3@drexel.edu',1,2,87,1,89,2,'2014-05-30 20:38:07',0,0),(204,'banana','a87ff679a2f3e71d9181a67b7542122c','banana4@drexel.edu',2,2,60,1,76,1,'2014-05-30 20:38:06',0,0),(205,'apple','e4da3b7fbbce2345d7772b0674a318d5','apple5@drexel.edu',2,2,29,1,141,0,'2014-06-02 17:58:48',0,0),(206,'mango','1679091c5a880faf6fb5e6087eb1b2dc','mango6@drexel.edu',2,2,32,1,58,2,'2014-05-28 21:10:16',0,0),(207,'grape','8f14e45fceea167a5a36dedd4bea2543','grape7@drexel.edu',1,1,19,1,86,2,'2014-05-30 20:38:07',0,0),(208,'blueberry','c9f0f895fb98ab9159f51fd0297e236d','blueberry8@drexel.ed',2,2,52,1,50,1,'2014-05-28 21:10:15',0,0),(209,'grape','45c48cce2e2d7fbdea1afc51c7c6ad26','grape9@drexel.edu',2,1,58,1,46,0,'2014-05-28 21:10:15',0,0),(210,'grape','d3d9446802a44259755d38e6d163e820','grape10@drexel.edu',1,1,71,0,0,4,'2014-06-07 04:00:00',0,0),(211,'apple','6512bd43d9caa6e02c990b0a82652dca','apple11@drexel.edu',1,1,28,0,0,2,'2014-06-08 04:00:00',0,0),(212,'banana','c20ad4d76fe97759aa27a0c99bff6710','banana12@drexel.edu',2,1,73,1,56,2,'2014-05-28 21:10:16',0,0),(213,'banana','c51ce410c124a10e0db5e4b97fc2af39','banana13@drexel.edu',2,2,45,0,0,3,'2014-06-10 04:00:00',0,0),(214,'apple','aab3238922bcc25a6f606eb525ffdc56','apple14@drexel.edu',1,2,74,0,0,1,'2014-06-11 04:00:00',0,0),(215,'apple','9bf31c7ff062936a96d3c8bd1f8f2ff3','apple15@drexel.edu',1,1,66,0,0,3,'2014-06-12 04:00:00',0,0),(216,'banana','c74d97b01eae257e44aa9d5bade97baf','banana16@drexel.edu',1,1,26,0,0,2,'2014-06-13 04:00:00',0,0),(217,'mango','70efdf2ec9b086079795c442636b55fb','mango17@drexel.edu',2,2,9,0,0,3,'2014-06-14 04:00:00',0,0),(218,'mango','6f4922f45568161a8cdf4ad2299f6d23','mango18@drexel.edu',2,1,73,1,51,1,'2014-05-28 21:10:15',0,0),(219,'apple','1f0e3dad99908345f7439f8ffabdffc4','apple19@drexel.edu',1,1,80,0,0,4,'2014-06-16 04:00:00',0,0),(220,'grape','98f13708210194c475687be6106a3b84','grape20@drexel.edu',1,1,79,1,164,2,'2014-06-02 17:58:49',0,0),(221,'banana','3c59dc048e8850243be8079a5c74d079','banana21@drexel.edu',1,1,69,0,0,1,'2014-06-18 04:00:00',0,0),(222,'mango','b6d767d2f8ed5d21a44b0e5886680cb9','mango22@drexel.edu',1,1,84,1,41,3,'2014-05-28 21:10:15',0,0),(223,'blueberry','37693cfc748049e45d87b8c7d8b9aacd','blueberry23@drexel.e',2,2,45,0,0,2,'2014-06-20 04:00:00',0,0),(224,'banana','1ff1de774005f8da13f42943881c655f','banana24@drexel.edu',1,2,86,1,47,0,'2014-05-28 21:10:15',0,0),(225,'banana','8e296a067a37563370ded05f5a3bf3ec','banana25@drexel.edu',1,1,54,1,48,1,'2014-05-28 21:10:15',0,0),(226,'mango','4e732ced3463d06de0ca9a15b6153677','mango26@drexel.edu',2,1,51,0,0,0,'2014-06-23 04:00:00',0,0),(227,'blueberry','02e74f10e0327ad868d138f2b4fdd6f0','blueberry27@drexel.e',2,1,71,1,55,3,'2014-05-28 21:10:16',0,0),(228,'mango','33e75ff09dd601bbe69f351039152189','mango28@drexel.edu',1,2,32,0,0,3,'2014-06-25 04:00:00',0,0),(229,'blueberry','6ea9ab1baa0efb9e19094440c317e21b','blueberry29@drexel.e',1,2,54,0,0,0,'2014-06-26 04:00:00',0,0),(230,'banana','34173cb38f07f89ddbebc2ac9128303f','banana30@drexel.edu',2,1,68,0,0,0,'2014-06-27 04:00:00',0,0),(231,'grape','c16a5320fa475530d9583c34fd356ef5','grape31@drexel.edu',1,1,12,0,0,4,'2014-06-28 04:00:00',0,0),(232,'banana','6364d3f0f495b6ab9dcf8d3b5c6e0b01','banana32@drexel.edu',1,2,32,0,0,4,'2014-06-29 04:00:00',0,0),(233,'banana','182be0c5cdcd5072bb1864cdee4d3d6e','banana33@drexel.edu',1,2,6,1,57,3,'2014-05-28 21:10:16',0,0),(234,'apple','e369853df766fa44e1ed0ff613f563bd','apple34@drexel.edu',1,1,17,0,0,1,'2014-07-01 04:00:00',0,0),(235,'blueberry','1c383cd30b7c298ab50293adfecb7b18','blueberry35@drexel.e',1,1,79,1,173,4,'2014-06-02 17:58:49',0,0),(236,'blueberry','19ca14e7ea6328a42e0eb13d585e4c22','blueberry36@drexel.e',2,2,78,0,0,3,'2014-07-03 04:00:00',0,0),(237,'apple','a5bfc9e07964f8dddeb95fc584cd965d','apple37@drexel.edu',2,1,4,1,40,0,'2014-05-28 21:10:15',0,0),(238,'blueberry','a5771bce93e200c36f7cd9dfd0e5deaa','blueberry38@drexel.e',1,2,33,1,49,1,'2014-05-28 21:10:15',0,0),(239,'grape','d67d8ab4f4c10bf22aa353e27879133c','grape39@drexel.edu',2,2,55,1,106,3,'2014-06-02 17:58:44',0,0),(240,'grape','d645920e395fedad7bbbed0eca3fe2e0','grape40@drexel.edu',1,2,52,1,50,4,'2014-05-28 21:10:15',0,0),(241,'mango','3416a75f4cea9109507cacd8e2f2aefc','mango41@drexel.edu',2,1,32,1,39,0,'2014-05-28 21:10:15',0,0),(242,'apple','a1d0c6e83f027327d8461063f4ac58a6','apple42@drexel.edu',2,1,78,1,66,0,'2014-05-30 20:38:06',0,0),(243,'blueberry','17e62166fc8586dfa4d1bc0e1742c08b','blueberry43@drexel.e',2,2,12,0,0,3,'2014-07-10 04:00:00',0,0),(244,'blueberry','f7177163c833dff4b38fc8d2872f1ec6','blueberry44@drexel.e',1,1,73,1,51,1,'2014-05-28 21:10:15',0,0),(245,'mango','6c8349cc7260ae62e3b1396831a8398f','mango45@drexel.edu',2,2,29,0,0,1,'2014-07-12 04:00:00',0,0),(246,'blueberry','d9d4f495e875a2e075a1a4a6e1b9770f','blueberry46@drexel.e',1,2,28,1,79,1,'2014-05-30 20:38:06',0,0),(247,'banana','67c6a1e7ce56d3d6fa748ab6d9af3fd7','banana47@drexel.edu',1,2,74,0,0,0,'2014-07-14 04:00:00',0,0),(248,'grape','642e92efb79421734881b53e1e1b18b6','grape48@drexel.edu',2,2,21,1,45,2,'2014-05-28 21:10:15',0,0),(249,'apple','f457c545a9ded88f18ecee47145a72c0','apple49@drexel.edu',1,2,37,1,62,3,'2014-05-28 21:10:16',0,0),(250,'mango','c0c7c76d30bd3dcaefc96f40275bdc0a','mango50@drexel.edu',1,1,56,1,59,2,'2014-05-28 21:10:16',0,0),(251,'blueberry','2838023a778dfaecdc212708f721b788','blueberry51@drexel.e',2,2,24,0,0,3,'2014-07-18 04:00:00',0,0),(252,'blueberry','9a1158154dfa42caddbd0694a4e9bdc8','blueberry52@drexel.e',2,1,23,0,0,2,'2014-07-19 04:00:00',0,0),(253,'apple','d82c8d1619ad8176d665453cfb2e55f0','apple53@drexel.edu',1,1,20,1,61,3,'2014-05-28 21:10:16',0,0),(254,'apple','a684eceee76fc522773286a895bc8436','apple54@drexel.edu',2,1,74,1,43,1,'2014-05-28 21:10:15',0,0),(255,'blueberry','b53b3a3d6ab90ce0268229151c9bde11','blueberry55@drexel.e',1,2,43,1,38,0,'2014-05-28 21:10:15',0,0),(256,'mango','9f61408e3afb633e50cdf1b20de6f466','mango56@drexel.edu',2,2,73,0,0,1,'2014-07-23 04:00:00',0,0),(257,'banana','72b32a1f754ba1c09b3695e0cb6cde7f','banana57@drexel.edu',1,2,32,0,0,3,'2014-07-24 04:00:00',0,0),(258,'grape','66f041e16a60928b05a7e228a89c3799','grape58@drexel.edu',2,2,68,1,85,3,'2014-05-30 20:38:07',0,0),(259,'banana','093f65e080a295f8076b1c5722a46aa2','banana59@drexel.edu',2,2,21,0,0,4,'2014-07-26 04:00:00',0,0),(260,'apple','072b030ba126b2f4b2374f342be9ed44','apple60@drexel.edu',2,1,76,1,68,0,'2014-05-30 20:38:06',0,0),(261,'apple','7f39f8317fbdb1988ef4c628eba02591','apple61@drexel.edu',2,1,86,1,104,0,'2014-06-02 17:58:44',0,0),(262,'banana','44f683a84163b3523afe57c2e008bc8c','banana62@drexel.edu',1,1,40,0,0,3,'2014-07-29 04:00:00',0,0),(263,'grape','03afdbd66e7929b125f8597834fa83a4','grape63@drexel.edu',1,1,45,1,65,4,'2014-05-28 21:10:16',0,0),(264,'grape','ea5d2f1c4608232e07d3aa3d998e5135','grape64@drexel.edu',1,1,55,1,60,2,'2014-05-28 21:10:16',0,0),(265,'apple','fc490ca45c00b1249bbe3554a4fdf6fb','apple65@drexel.edu',2,2,72,1,109,3,'2014-06-02 17:58:44',0,0),(266,'mango','3295c76acbf4caaed33c36b1b5fc2cb1','mango66@drexel.edu',2,2,38,1,137,1,'2014-06-02 17:58:48',0,0),(267,'blueberry','735b90b4568125ed6c3f678819b6e058','blueberry67@drexel.e',1,1,49,1,54,2,'2014-05-28 21:10:16',0,0),(268,'blueberry','a3f390d88e4c41f2747bfa2f1b5f87db','blueberry68@drexel.e',1,2,32,0,0,2,'2014-08-04 04:00:00',0,0),(269,'apple','14bfa6bb14875e45bba028a21ed38046','apple69@drexel.edu',2,1,5,1,116,3,'2014-06-02 17:58:44',0,0),(270,'blueberry','7cbbc409ec990f19c78c75bd1e06f215','blueberry70@drexel.e',2,2,23,1,63,3,'2014-05-28 21:10:16',0,0),(271,'apple','e2c420d928d4bf8ce0ff2ec19b371514','apple71@drexel.edu',1,1,32,1,39,4,'2014-05-28 21:10:15',0,0),(272,'mango','32bb90e8976aab5298d5da10fe66f21d','mango72@drexel.edu',1,1,85,0,0,3,'2014-08-08 04:00:00',0,0),(273,'apple','d2ddea18f00665ce8623e36bd4e3c7c5','apple73@drexel.edu',1,2,79,0,0,3,'2014-08-09 04:00:00',0,0),(274,'blueberry','ad61ab143223efbc24c7d2583be69251','blueberry74@drexel.e',2,1,24,0,0,4,'2014-08-10 04:00:00',0,0),(275,'blueberry','d09bf41544a3365a46c9077ebb5e35c3','blueberry75@drexel.e',2,1,29,1,88,2,'2014-05-30 20:38:07',0,0),(276,'blueberry','fbd7939d674997cdb4692d34de8633c4','blueberry76@drexel.e',1,2,42,0,0,1,'2014-08-12 04:00:00',0,0),(277,'banana','28dd2c7955ce926456240b2ff0100bde','banana77@drexel.edu',1,1,2,1,42,1,'2014-05-28 21:10:15',0,0),(278,'mango','35f4a8d465e6e1edc05f3d8ab658c551','mango78@drexel.edu',2,2,15,1,64,4,'2014-05-28 21:10:16',0,0),(279,'apple','d1fe173d08e959397adf34b1d77e88d7','apple79@drexel.edu',2,2,73,0,0,2,'2014-08-15 04:00:00',0,0),(280,'blueberry','f033ab37c30201f73f142449d037028d','blueberry80@drexel.e',1,1,77,0,0,3,'2014-08-16 04:00:00',0,0),(281,'banana','43ec517d68b6edd3015b3edc9a11367b','banana81@drexel.edu',1,1,40,0,0,4,'2014-08-17 04:00:00',0,0),(282,'mango','9778d5d219c5080b9a6a17bef029331c','mango82@drexel.edu',1,1,69,0,0,3,'2014-08-18 04:00:00',0,0),(283,'blueberry','fe9fc289c3ff0af142b6d3bead98a923','blueberry83@drexel.e',1,2,40,1,52,3,'2014-05-28 21:10:16',0,0),(284,'blueberry','68d30a9594728bc39aa24be94b319d21','blueberry84@drexel.e',2,2,49,1,69,0,'2014-05-30 20:38:06',0,0),(285,'grape','3ef815416f775098fe977004015c6193','grape85@drexel.edu',2,1,54,1,48,1,'2014-05-28 21:10:15',0,0),(286,'apple','93db85ed909c13838ff95ccfa94cebd9','apple86@drexel.edu',2,2,16,0,0,2,'2014-08-22 04:00:00',0,0),(287,'grape','c7e1249ffc03eb9ded908c236bd1996d','grape87@drexel.edu',2,2,33,1,49,2,'2014-05-28 21:10:15',0,0),(288,'apple','2a38a4a9316c49e5a833517c45d31070','apple88@drexel.edu',1,1,26,1,146,0,'2014-06-02 17:58:48',0,0),(289,'apple','7647966b7343c29048673252e490f736','apple89@drexel.edu',2,1,65,1,108,0,'2014-06-02 17:58:44',0,0),(290,'apple','8613985ec49eb8f757ae6439e879bb2a','apple90@drexel.edu',2,2,8,0,0,3,'2014-08-26 04:00:00',0,0),(291,'grape','54229abfcfa5649e7003b83dd4755294','grape91@drexel.edu',2,1,40,1,53,2,'2014-05-28 21:10:16',0,0),(292,'apple','92cc227532d17e56e07902b254dfad10','apple92@drexel.edu',1,1,80,0,0,4,'2014-08-28 04:00:00',0,0),(293,'blueberry','98dce83da57b0395e163467c9dae521b','blueberry93@drexel.e',2,1,18,1,98,3,'2014-06-02 17:58:43',0,0),(294,'apple','f4b9ec30ad9f68f89b29639786cb62ef','apple94@drexel.edu',1,1,16,1,138,2,'2014-06-02 17:58:48',0,0),(295,'grape','812b4ba287f5ee0bc9d43bbf5bbe87fb','grape95@drexel.edu',1,2,21,1,45,0,'2014-05-28 21:10:15',0,0),(296,'blueberry','26657d5ff9020d2abefe558796b99584','blueberry96@drexel.e',2,2,38,0,0,2,'2014-09-01 04:00:00',0,0),(297,'banana','e2ef524fbf3d9fe611d5a8e90fefdc9c','banana97@drexel.edu',1,2,23,1,63,3,'2014-05-28 21:10:16',0,0),(298,'blueberry','ed3d2c21991e3bef5e069713af9fa6ca','blueberry98@drexel.e',2,2,21,0,0,2,'2014-09-03 04:00:00',0,0),(299,'banana','ac627ab1ccbdb62ec96e702f07f6425b','banana99@drexel.edu',1,2,34,0,0,0,'2014-09-04 04:00:00',0,0),(300,'mango','f899139df5e1059396431415e770c6dd','mango100@drexel.edu',2,1,59,0,0,4,'2014-09-05 04:00:00',0,0),(301,'blueberry','c4ca4238a0b923820dcc509a6f75849b','blueberry1@drexel.ed',2,2,65,0,0,2,'2014-05-31 04:00:00',0,0),(302,'blueberry','c81e728d9d4c2f636f067f89cc14862c','blueberry2@drexel.ed',2,2,49,0,0,3,'2014-06-01 04:00:00',0,0),(303,'banana','eccbc87e4b5ce2fe28308fd9f2a7baf3','banana3@drexel.edu',1,1,35,1,71,4,'2014-05-30 20:38:06',0,0),(304,'apple','a87ff679a2f3e71d9181a67b7542122c','apple4@drexel.edu',1,1,11,0,0,4,'2014-06-03 04:00:00',0,0),(305,'blueberry','e4da3b7fbbce2345d7772b0674a318d5','blueberry5@drexel.ed',1,1,69,0,0,0,'2014-06-04 04:00:00',0,0),(306,'blueberry','1679091c5a880faf6fb5e6087eb1b2dc','blueberry6@drexel.ed',2,2,6,1,70,0,'2014-05-30 20:38:06',0,0),(307,'grape','8f14e45fceea167a5a36dedd4bea2543','grape7@drexel.edu',2,1,70,0,0,0,'2014-06-06 04:00:00',0,0),(308,'apple','c9f0f895fb98ab9159f51fd0297e236d','apple8@drexel.edu',2,1,44,1,74,4,'2014-05-30 20:38:06',0,0),(309,'apple','45c48cce2e2d7fbdea1afc51c7c6ad26','apple9@drexel.edu',2,2,87,1,89,4,'2014-05-30 20:38:07',0,0),(310,'grape','d3d9446802a44259755d38e6d163e820','grape10@drexel.edu',1,1,33,0,0,0,'2014-06-09 04:00:00',0,0),(311,'mango','6512bd43d9caa6e02c990b0a82652dca','mango11@drexel.edu',1,1,64,0,0,0,'2014-06-10 04:00:00',0,0),(312,'mango','c20ad4d76fe97759aa27a0c99bff6710','mango12@drexel.edu',2,1,37,1,84,2,'2014-05-30 20:38:07',0,0),(313,'grape','c51ce410c124a10e0db5e4b97fc2af39','grape13@drexel.edu',2,2,62,0,0,2,'2014-06-12 04:00:00',0,0),(314,'mango','aab3238922bcc25a6f606eb525ffdc56','mango14@drexel.edu',1,2,54,0,0,3,'2014-06-13 04:00:00',0,0),(315,'mango','9bf31c7ff062936a96d3c8bd1f8f2ff3','mango15@drexel.edu',1,2,41,1,80,3,'2014-05-30 20:38:07',0,0),(316,'banana','c74d97b01eae257e44aa9d5bade97baf','banana16@drexel.edu',1,1,69,0,0,3,'2014-06-15 04:00:00',0,0),(317,'banana','70efdf2ec9b086079795c442636b55fb','banana17@drexel.edu',1,2,59,0,0,2,'2014-06-16 04:00:00',0,0),(318,'grape','6f4922f45568161a8cdf4ad2299f6d23','grape18@drexel.edu',2,1,27,0,0,4,'2014-06-17 04:00:00',0,0),(319,'apple','1f0e3dad99908345f7439f8ffabdffc4','apple19@drexel.edu',2,2,11,1,167,2,'2014-06-02 17:58:49',0,0),(320,'banana','98f13708210194c475687be6106a3b84','banana20@drexel.edu',1,1,85,0,0,1,'2014-06-19 04:00:00',0,0),(321,'banana','3c59dc048e8850243be8079a5c74d079','banana21@drexel.edu',1,1,78,1,66,0,'2014-05-30 20:38:06',0,0),(322,'grape','b6d767d2f8ed5d21a44b0e5886680cb9','grape22@drexel.edu',2,2,27,1,125,4,'2014-06-02 17:58:44',0,0),(323,'mango','37693cfc748049e45d87b8c7d8b9aacd','mango23@drexel.edu',1,2,42,0,0,4,'2014-06-22 04:00:00',0,0),(324,'blueberry','1ff1de774005f8da13f42943881c655f','blueberry24@drexel.e',2,2,9,0,0,3,'2014-06-23 04:00:00',0,0),(325,'blueberry','8e296a067a37563370ded05f5a3bf3ec','blueberry25@drexel.e',1,2,46,1,122,3,'2014-06-02 17:58:44',0,0),(326,'apple','4e732ced3463d06de0ca9a15b6153677','apple26@drexel.edu',1,2,5,0,0,0,'2014-06-25 04:00:00',0,0),(327,'blueberry','02e74f10e0327ad868d138f2b4fdd6f0','blueberry27@drexel.e',1,1,12,1,147,0,'2014-06-02 17:58:48',0,0),(328,'banana','33e75ff09dd601bbe69f351039152189','banana28@drexel.edu',2,1,51,0,0,3,'2014-06-27 04:00:00',0,0),(329,'grape','6ea9ab1baa0efb9e19094440c317e21b','grape29@drexel.edu',1,2,70,0,0,2,'2014-06-28 04:00:00',0,0),(330,'mango','34173cb38f07f89ddbebc2ac9128303f','mango30@drexel.edu',2,1,82,1,92,3,'2014-05-30 20:38:07',0,0),(331,'banana','c16a5320fa475530d9583c34fd356ef5','banana31@drexel.edu',2,1,25,1,83,1,'2014-05-30 20:38:07',0,0),(332,'blueberry','6364d3f0f495b6ab9dcf8d3b5c6e0b01','blueberry32@drexel.e',1,1,31,0,0,0,'2014-07-01 04:00:00',0,0),(333,'grape','182be0c5cdcd5072bb1864cdee4d3d6e','grape33@drexel.edu',2,2,56,0,0,2,'2014-07-02 04:00:00',0,0),(334,'apple','e369853df766fa44e1ed0ff613f563bd','apple34@drexel.edu',1,2,39,0,0,3,'2014-07-03 04:00:00',0,0),(335,'grape','1c383cd30b7c298ab50293adfecb7b18','grape35@drexel.edu',1,1,76,1,68,2,'2014-05-30 20:38:06',0,0),(336,'mango','19ca14e7ea6328a42e0eb13d585e4c22','mango36@drexel.edu',2,2,15,1,143,0,'2014-06-02 17:58:48',0,0),(337,'blueberry','a5bfc9e07964f8dddeb95fc584cd965d','blueberry37@drexel.e',1,1,5,1,67,0,'2014-05-30 20:38:06',0,0),(338,'apple','a5771bce93e200c36f7cd9dfd0e5deaa','apple38@drexel.edu',2,1,19,1,86,2,'2014-05-30 20:38:07',0,0),(339,'blueberry','d67d8ab4f4c10bf22aa353e27879133c','blueberry39@drexel.e',1,2,57,0,0,2,'2014-07-08 04:00:00',0,0),(340,'mango','d645920e395fedad7bbbed0eca3fe2e0','mango40@drexel.edu',2,2,19,0,0,2,'2014-07-09 04:00:00',0,0),(341,'blueberry','3416a75f4cea9109507cacd8e2f2aefc','blueberry41@drexel.e',1,1,54,0,0,3,'2014-07-10 04:00:00',0,0),(342,'grape','a1d0c6e83f027327d8461063f4ac58a6','grape42@drexel.edu',1,2,68,1,100,3,'2014-06-02 17:58:43',0,0),(343,'blueberry','17e62166fc8586dfa4d1bc0e1742c08b','blueberry43@drexel.e',1,1,56,1,113,1,'2014-06-02 17:58:44',0,0),(344,'grape','f7177163c833dff4b38fc8d2872f1ec6','grape44@drexel.edu',1,1,29,1,88,4,'2014-05-30 20:38:07',0,0),(345,'mango','6c8349cc7260ae62e3b1396831a8398f','mango45@drexel.edu',1,1,63,1,78,4,'2014-05-30 20:38:06',0,0),(346,'apple','d9d4f495e875a2e075a1a4a6e1b9770f','apple46@drexel.edu',1,1,16,0,0,2,'2014-07-15 04:00:00',0,0),(347,'mango','67c6a1e7ce56d3d6fa748ab6d9af3fd7','mango47@drexel.edu',2,2,35,1,75,4,'2014-05-30 20:38:06',0,0),(348,'apple','642e92efb79421734881b53e1e1b18b6','apple48@drexel.edu',1,1,16,0,0,3,'2014-07-17 04:00:00',0,0),(349,'apple','f457c545a9ded88f18ecee47145a72c0','apple49@drexel.edu',2,2,33,0,0,1,'2014-07-18 04:00:00',0,0),(350,'apple','c0c7c76d30bd3dcaefc96f40275bdc0a','apple50@drexel.edu',1,2,59,0,0,2,'2014-07-19 04:00:00',0,0),(351,'apple','2838023a778dfaecdc212708f721b788','apple51@drexel.edu',2,1,6,1,96,0,'2014-06-02 17:58:43',0,0),(352,'banana','9a1158154dfa42caddbd0694a4e9bdc8','banana52@drexel.edu',1,1,16,1,95,0,'2014-06-02 17:58:43',0,0),(353,'grape','d82c8d1619ad8176d665453cfb2e55f0','grape53@drexel.edu',1,2,74,0,0,1,'2014-07-22 04:00:00',0,0),(354,'mango','a684eceee76fc522773286a895bc8436','mango54@drexel.edu',1,1,37,1,84,2,'2014-05-30 20:38:07',0,0),(355,'mango','b53b3a3d6ab90ce0268229151c9bde11','mango55@drexel.edu',1,1,7,0,0,0,'2014-07-24 04:00:00',0,0),(356,'banana','9f61408e3afb633e50cdf1b20de6f466','banana56@drexel.edu',2,2,37,1,82,4,'2014-05-30 20:38:07',0,0),(357,'mango','72b32a1f754ba1c09b3695e0cb6cde7f','mango57@drexel.edu',2,1,5,1,67,1,'2014-05-30 20:38:06',0,0),(358,'mango','66f041e16a60928b05a7e228a89c3799','mango58@drexel.edu',2,1,4,1,72,0,'2014-05-30 20:38:06',0,0),(359,'blueberry','093f65e080a295f8076b1c5722a46aa2','blueberry59@drexel.e',2,2,21,0,0,4,'2014-07-28 04:00:00',0,0),(360,'apple','072b030ba126b2f4b2374f342be9ed44','apple60@drexel.edu',1,1,55,0,0,2,'2014-07-29 04:00:00',0,0),(361,'grape','7f39f8317fbdb1988ef4c628eba02591','grape61@drexel.edu',1,1,71,0,0,4,'2014-07-30 04:00:00',0,0),(362,'apple','44f683a84163b3523afe57c2e008bc8c','apple62@drexel.edu',1,2,79,1,114,1,'2014-06-02 17:58:44',0,0),(363,'mango','03afdbd66e7929b125f8597834fa83a4','mango63@drexel.edu',1,1,49,1,90,4,'2014-05-30 20:38:07',0,0),(364,'apple','ea5d2f1c4608232e07d3aa3d998e5135','apple64@drexel.edu',1,2,37,1,82,1,'2014-05-30 20:38:07',0,0),(365,'blueberry','fc490ca45c00b1249bbe3554a4fdf6fb','blueberry65@drexel.e',1,1,61,1,73,0,'2014-05-30 20:38:06',0,0),(366,'apple','3295c76acbf4caaed33c36b1b5fc2cb1','apple66@drexel.edu',2,1,13,0,0,3,'2014-08-04 04:00:00',0,0),(367,'banana','735b90b4568125ed6c3f678819b6e058','banana67@drexel.edu',2,2,12,0,0,0,'2014-08-05 04:00:00',0,0),(368,'mango','a3f390d88e4c41f2747bfa2f1b5f87db','mango68@drexel.edu',2,1,73,0,0,3,'2014-08-06 04:00:00',0,0),(369,'mango','14bfa6bb14875e45bba028a21ed38046','mango69@drexel.edu',1,2,83,0,0,3,'2014-08-07 04:00:00',0,0),(370,'apple','7cbbc409ec990f19c78c75bd1e06f215','apple70@drexel.edu',1,2,32,0,0,0,'2014-08-08 04:00:00',0,0),(371,'blueberry','e2c420d928d4bf8ce0ff2ec19b371514','blueberry71@drexel.e',2,2,71,0,0,3,'2014-08-09 04:00:00',0,0),(372,'blueberry','32bb90e8976aab5298d5da10fe66f21d','blueberry72@drexel.e',1,1,57,1,124,4,'2014-06-02 17:58:44',0,0),(373,'blueberry','d2ddea18f00665ce8623e36bd4e3c7c5','blueberry73@drexel.e',2,2,47,1,152,1,'2014-06-02 17:58:48',0,0),(374,'grape','ad61ab143223efbc24c7d2583be69251','grape74@drexel.edu',2,2,16,1,111,1,'2014-06-02 17:58:44',0,0),(375,'blueberry','d09bf41544a3365a46c9077ebb5e35c3','blueberry75@drexel.e',1,2,60,1,76,0,'2014-05-30 20:38:06',0,0),(376,'banana','fbd7939d674997cdb4692d34de8633c4','banana76@drexel.edu',1,2,61,1,93,4,'2014-05-30 20:38:07',0,0),(377,'banana','28dd2c7955ce926456240b2ff0100bde','banana77@drexel.edu',1,1,82,1,92,4,'2014-05-30 20:38:07',0,0),(378,'grape','35f4a8d465e6e1edc05f3d8ab658c551','grape78@drexel.edu',1,1,41,1,81,1,'2014-05-30 20:38:07',0,0),(379,'mango','d1fe173d08e959397adf34b1d77e88d7','mango79@drexel.edu',2,1,34,0,0,1,'2014-08-17 04:00:00',0,0),(380,'apple','f033ab37c30201f73f142449d037028d','apple80@drexel.edu',1,1,44,1,74,0,'2014-05-30 20:38:06',0,0),(381,'grape','43ec517d68b6edd3015b3edc9a11367b','grape81@drexel.edu',2,2,86,0,0,4,'2014-08-19 04:00:00',0,0),(382,'mango','9778d5d219c5080b9a6a17bef029331c','mango82@drexel.edu',1,2,79,0,0,4,'2014-08-20 04:00:00',0,0),(383,'mango','fe9fc289c3ff0af142b6d3bead98a923','mango83@drexel.edu',2,1,24,0,0,4,'2014-08-21 04:00:00',0,0),(384,'mango','68d30a9594728bc39aa24be94b319d21','mango84@drexel.edu',1,2,49,1,69,4,'2014-05-30 20:38:06',0,0),(385,'banana','3ef815416f775098fe977004015c6193','banana85@drexel.edu',1,2,59,0,0,0,'2014-08-23 04:00:00',0,0),(386,'mango','93db85ed909c13838ff95ccfa94cebd9','mango86@drexel.edu',1,2,66,0,0,3,'2014-08-24 04:00:00',0,0),(387,'apple','c7e1249ffc03eb9ded908c236bd1996d','apple87@drexel.edu',1,2,83,0,0,4,'2014-08-25 04:00:00',0,0),(388,'banana','2a38a4a9316c49e5a833517c45d31070','banana88@drexel.edu',2,2,37,0,0,4,'2014-08-26 04:00:00',0,0),(389,'banana','7647966b7343c29048673252e490f736','banana89@drexel.edu',2,2,65,0,0,2,'2014-08-27 04:00:00',0,0),(390,'blueberry','8613985ec49eb8f757ae6439e879bb2a','blueberry90@drexel.e',1,1,30,0,0,3,'2014-08-28 04:00:00',0,0),(391,'mango','54229abfcfa5649e7003b83dd4755294','mango91@drexel.edu',1,1,76,1,87,2,'2014-05-30 20:38:07',0,0),(392,'blueberry','92cc227532d17e56e07902b254dfad10','blueberry92@drexel.e',1,2,31,1,77,1,'2014-05-30 20:38:06',0,0),(393,'apple','98dce83da57b0395e163467c9dae521b','apple93@drexel.edu',1,2,6,1,70,0,'2014-05-30 20:38:06',0,0),(394,'grape','f4b9ec30ad9f68f89b29639786cb62ef','grape94@drexel.edu',1,2,42,0,0,3,'2014-09-01 04:00:00',0,0),(395,'apple','812b4ba287f5ee0bc9d43bbf5bbe87fb','apple95@drexel.edu',1,2,52,1,150,1,'2014-06-02 17:58:48',0,0),(396,'mango','26657d5ff9020d2abefe558796b99584','mango96@drexel.edu',1,1,60,1,91,4,'2014-05-30 20:38:07',0,0),(397,'banana','e2ef524fbf3d9fe611d5a8e90fefdc9c','banana97@drexel.edu',2,1,38,1,153,2,'2014-06-02 17:58:48',0,0),(398,'banana','ed3d2c21991e3bef5e069713af9fa6ca','banana98@drexel.edu',2,1,81,0,0,2,'2014-09-05 04:00:00',0,0),(399,'apple','ac627ab1ccbdb62ec96e702f07f6425b','apple99@drexel.edu',2,2,28,1,79,1,'2014-05-30 20:38:06',0,0),(400,'blueberry','f899139df5e1059396431415e770c6dd','blueberry100@drexel.',1,2,68,1,85,2,'2014-05-30 20:38:07',0,0),(401,'1','c4ca4238a0b923820dcc509a6f75849b','hi@drexel.edu',1,1,2,1,94,NULL,'2014-06-02 17:58:20',0,0),(402,'Justin','c4ca4238a0b923820dcc509a6f75849b','justin@drexel.edu',2,2,60,1,135,NULL,'2014-06-02 17:58:48',0,0),(403,'apple','c4ca4238a0b923820dcc509a6f75849b','apple1@drexel.edu',1,2,4,1,99,0,'2014-06-02 17:58:43',0,0),(404,'apple','c81e728d9d4c2f636f067f89cc14862c','apple2@drexel.edu',1,2,16,1,111,4,'2014-06-02 17:58:44',0,0),(405,'grape','eccbc87e4b5ce2fe28308fd9f2a7baf3','grape3@drexel.edu',1,2,70,0,0,2,'2014-06-05 04:00:00',0,0),(406,'banana','a87ff679a2f3e71d9181a67b7542122c','banana4@drexel.edu',1,1,86,1,101,3,'2014-06-02 17:58:44',0,0),(407,'grape','e4da3b7fbbce2345d7772b0674a318d5','grape5@drexel.edu',1,2,25,1,145,0,'2014-06-02 17:58:48',0,0),(408,'apple','1679091c5a880faf6fb5e6087eb1b2dc','apple6@drexel.edu',1,1,17,0,0,1,'2014-06-08 04:00:00',0,0),(409,'banana','8f14e45fceea167a5a36dedd4bea2543','banana7@drexel.edu',1,2,40,1,126,3,'2014-06-02 17:58:44',0,0),(410,'mango','c9f0f895fb98ab9159f51fd0297e236d','mango8@drexel.edu',2,1,3,0,0,4,'2014-06-10 04:00:00',0,0),(411,'banana','45c48cce2e2d7fbdea1afc51c7c6ad26','banana9@drexel.edu',2,1,79,1,102,0,'2014-06-02 17:58:44',0,0),(412,'grape','d3d9446802a44259755d38e6d163e820','grape10@drexel.edu',2,2,68,1,100,0,'2014-06-02 17:58:43',0,0),(413,'blueberry','6512bd43d9caa6e02c990b0a82652dca','blueberry11@drexel.e',2,2,18,0,0,2,'2014-06-13 04:00:00',0,0),(414,'banana','c20ad4d76fe97759aa27a0c99bff6710','banana12@drexel.edu',2,2,78,0,0,0,'2014-06-14 04:00:00',0,0),(415,'grape','c51ce410c124a10e0db5e4b97fc2af39','grape13@drexel.edu',2,2,79,1,114,2,'2014-06-02 17:58:44',0,0),(416,'mango','aab3238922bcc25a6f606eb525ffdc56','mango14@drexel.edu',1,1,84,1,103,0,'2014-06-02 17:58:44',0,0),(417,'apple','9bf31c7ff062936a96d3c8bd1f8f2ff3','apple15@drexel.edu',2,1,57,1,124,1,'2014-06-02 17:58:44',0,0),(418,'banana','c74d97b01eae257e44aa9d5bade97baf','banana16@drexel.edu',2,1,45,1,129,3,'2014-06-02 17:58:44',0,0),(419,'banana','70efdf2ec9b086079795c442636b55fb','banana17@drexel.edu',2,1,56,1,113,1,'2014-06-02 17:58:44',0,0),(420,'apple','6f4922f45568161a8cdf4ad2299f6d23','apple18@drexel.edu',1,1,66,1,139,0,'2014-06-02 17:58:48',0,0),(421,'banana','1f0e3dad99908345f7439f8ffabdffc4','banana19@drexel.edu',2,1,29,0,0,4,'2014-06-21 04:00:00',0,0),(422,'grape','98f13708210194c475687be6106a3b84','grape20@drexel.edu',2,1,49,1,105,4,'2014-06-02 17:58:44',0,0),(423,'banana','3c59dc048e8850243be8079a5c74d079','banana21@drexel.edu',1,2,63,0,0,3,'2014-06-23 04:00:00',0,0),(424,'mango','b6d767d2f8ed5d21a44b0e5886680cb9','mango22@drexel.edu',2,2,21,0,0,0,'2014-06-24 04:00:00',0,0),(425,'mango','37693cfc748049e45d87b8c7d8b9aacd','mango23@drexel.edu',2,1,76,0,0,4,'2014-06-25 04:00:00',0,0),(426,'mango','1ff1de774005f8da13f42943881c655f','mango24@drexel.edu',2,2,75,0,0,4,'2014-06-26 04:00:00',0,0),(427,'banana','8e296a067a37563370ded05f5a3bf3ec','banana25@drexel.edu',2,2,40,1,126,2,'2014-06-02 17:58:44',0,0),(428,'mango','4e732ced3463d06de0ca9a15b6153677','mango26@drexel.edu',2,1,48,0,0,4,'2014-06-28 04:00:00',0,0),(429,'banana','02e74f10e0327ad868d138f2b4fdd6f0','banana27@drexel.edu',1,2,72,1,109,0,'2014-06-02 17:58:44',0,0),(430,'apple','33e75ff09dd601bbe69f351039152189','apple28@drexel.edu',1,1,6,1,96,2,'2014-06-02 17:58:43',0,0),(431,'blueberry','6ea9ab1baa0efb9e19094440c317e21b','blueberry29@drexel.e',2,2,24,1,115,1,'2014-06-02 17:58:44',0,0),(432,'blueberry','34173cb38f07f89ddbebc2ac9128303f','blueberry30@drexel.e',1,2,38,1,107,3,'2014-06-02 17:58:44',0,0),(433,'mango','c16a5320fa475530d9583c34fd356ef5','mango31@drexel.edu',1,2,27,1,125,2,'2014-06-02 17:58:44',0,0),(434,'banana','6364d3f0f495b6ab9dcf8d3b5c6e0b01','banana32@drexel.edu',1,2,52,0,0,3,'2014-07-04 04:00:00',0,0),(435,'mango','182be0c5cdcd5072bb1864cdee4d3d6e','mango33@drexel.edu',2,2,49,0,0,1,'2014-07-05 04:00:00',0,0),(436,'grape','e369853df766fa44e1ed0ff613f563bd','grape34@drexel.edu',2,2,81,0,0,3,'2014-07-06 04:00:00',0,0),(437,'mango','1c383cd30b7c298ab50293adfecb7b18','mango35@drexel.edu',1,2,64,1,134,4,'2014-06-02 17:58:45',0,0),(438,'banana','19ca14e7ea6328a42e0eb13d585e4c22','banana36@drexel.edu',2,1,62,0,0,2,'2014-07-08 04:00:00',0,0),(439,'grape','a5bfc9e07964f8dddeb95fc584cd965d','grape37@drexel.edu',1,1,14,1,127,2,'2014-06-02 17:58:44',0,0),(440,'mango','a5771bce93e200c36f7cd9dfd0e5deaa','mango38@drexel.edu',2,2,75,0,0,3,'2014-07-10 04:00:00',0,0),(441,'mango','d67d8ab4f4c10bf22aa353e27879133c','mango39@drexel.edu',1,2,24,1,115,3,'2014-06-02 17:58:44',0,0),(442,'banana','d645920e395fedad7bbbed0eca3fe2e0','banana40@drexel.edu',2,2,64,1,134,4,'2014-06-02 17:58:45',0,0),(443,'banana','3416a75f4cea9109507cacd8e2f2aefc','banana41@drexel.edu',2,2,49,0,0,1,'2014-07-13 04:00:00',0,0),(444,'grape','a1d0c6e83f027327d8461063f4ac58a6','grape42@drexel.edu',1,2,31,1,97,0,'2014-06-02 17:58:43',0,0),(445,'apple','17e62166fc8586dfa4d1bc0e1742c08b','apple43@drexel.edu',1,2,49,1,112,3,'2014-06-02 17:58:44',0,0),(446,'blueberry','f7177163c833dff4b38fc8d2872f1ec6','blueberry44@drexel.e',1,1,18,1,98,0,'2014-06-02 17:58:43',0,0),(447,'blueberry','6c8349cc7260ae62e3b1396831a8398f','blueberry45@drexel.e',1,1,86,1,104,3,'2014-06-02 17:58:44',0,0),(448,'mango','d9d4f495e875a2e075a1a4a6e1b9770f','mango46@drexel.edu',1,2,44,1,128,3,'2014-06-02 17:58:44',0,0),(449,'blueberry','67c6a1e7ce56d3d6fa748ab6d9af3fd7','blueberry47@drexel.e',1,1,5,0,0,3,'2014-07-19 04:00:00',0,0),(450,'apple','642e92efb79421734881b53e1e1b18b6','apple48@drexel.edu',2,1,16,1,95,4,'2014-06-02 17:58:43',0,0),(451,'blueberry','f457c545a9ded88f18ecee47145a72c0','blueberry49@drexel.e',1,2,22,1,151,1,'2014-06-02 17:58:48',0,0),(452,'apple','c0c7c76d30bd3dcaefc96f40275bdc0a','apple50@drexel.edu',1,1,63,1,110,2,'2014-06-02 17:58:44',0,0),(453,'grape','2838023a778dfaecdc212708f721b788','grape51@drexel.edu',2,2,18,1,119,1,'2014-06-02 17:58:44',0,0),(454,'blueberry','9a1158154dfa42caddbd0694a4e9bdc8','blueberry52@drexel.e',2,1,62,0,0,4,'2014-07-24 04:00:00',0,0),(455,'mango','d82c8d1619ad8176d665453cfb2e55f0','mango53@drexel.edu',2,1,43,0,0,3,'2014-07-25 04:00:00',0,0),(456,'blueberry','a684eceee76fc522773286a895bc8436','blueberry54@drexel.e',2,2,8,1,136,0,'2014-06-02 17:58:48',0,0),(457,'mango','b53b3a3d6ab90ce0268229151c9bde11','mango55@drexel.edu',1,1,61,1,120,1,'2014-06-02 17:58:44',0,0),(458,'blueberry','9f61408e3afb633e50cdf1b20de6f466','blueberry56@drexel.e',2,1,32,0,0,2,'2014-07-28 04:00:00',0,0),(459,'grape','72b32a1f754ba1c09b3695e0cb6cde7f','grape57@drexel.edu',2,2,83,1,130,4,'2014-06-02 17:58:44',0,0),(460,'mango','66f041e16a60928b05a7e228a89c3799','mango58@drexel.edu',2,1,35,0,0,4,'2014-07-30 04:00:00',0,0),(461,'grape','093f65e080a295f8076b1c5722a46aa2','grape59@drexel.edu',2,1,29,0,0,0,'2014-07-31 04:00:00',0,0),(462,'blueberry','072b030ba126b2f4b2374f342be9ed44','blueberry60@drexel.e',2,1,50,0,0,1,'2014-08-01 04:00:00',0,0),(463,'banana','7f39f8317fbdb1988ef4c628eba02591','banana61@drexel.edu',2,1,8,0,0,2,'2014-08-02 04:00:00',0,0),(464,'mango','44f683a84163b3523afe57c2e008bc8c','mango62@drexel.edu',2,2,53,1,142,0,'2014-06-02 17:58:48',0,0),(465,'blueberry','03afdbd66e7929b125f8597834fa83a4','blueberry63@drexel.e',1,1,5,1,116,1,'2014-06-02 17:58:44',0,0),(466,'banana','ea5d2f1c4608232e07d3aa3d998e5135','banana64@drexel.edu',1,1,78,1,121,1,'2014-06-02 17:58:44',0,0),(467,'grape','fc490ca45c00b1249bbe3554a4fdf6fb','grape65@drexel.edu',2,1,63,1,110,0,'2014-06-02 17:58:44',0,0),(468,'banana','3295c76acbf4caaed33c36b1b5fc2cb1','banana66@drexel.edu',2,2,58,0,0,2,'2014-08-07 04:00:00',0,0),(469,'mango','735b90b4568125ed6c3f678819b6e058','mango67@drexel.edu',2,2,46,1,122,1,'2014-06-02 17:58:44',0,0),(470,'apple','a3f390d88e4c41f2747bfa2f1b5f87db','apple68@drexel.edu',2,1,72,1,123,2,'2014-06-02 17:58:44',0,0),(471,'banana','14bfa6bb14875e45bba028a21ed38046','banana69@drexel.edu',1,2,48,0,0,3,'2014-08-10 04:00:00',0,0),(472,'banana','7cbbc409ec990f19c78c75bd1e06f215','banana70@drexel.edu',2,2,36,1,131,3,'2014-06-02 17:58:45',0,0),(473,'banana','e2c420d928d4bf8ce0ff2ec19b371514','banana71@drexel.edu',2,2,10,1,148,1,'2014-06-02 17:58:48',0,0),(474,'mango','32bb90e8976aab5298d5da10fe66f21d','mango72@drexel.edu',1,2,63,0,0,4,'2014-08-13 04:00:00',0,0),(475,'blueberry','d2ddea18f00665ce8623e36bd4e3c7c5','blueberry73@drexel.e',2,1,75,0,0,3,'2014-08-14 04:00:00',0,0),(476,'blueberry','ad61ab143223efbc24c7d2583be69251','blueberry74@drexel.e',2,2,31,1,97,1,'2014-06-02 17:58:43',0,0),(477,'banana','d09bf41544a3365a46c9077ebb5e35c3','banana75@drexel.edu',1,1,67,1,132,4,'2014-06-02 17:58:45',0,0),(478,'apple','fbd7939d674997cdb4692d34de8633c4','apple76@drexel.edu',1,1,72,1,123,1,'2014-06-02 17:58:44',0,0),(479,'grape','28dd2c7955ce926456240b2ff0100bde','grape77@drexel.edu',2,1,57,1,118,1,'2014-06-02 17:58:44',0,0),(480,'mango','35f4a8d465e6e1edc05f3d8ab658c551','mango78@drexel.edu',1,1,41,0,0,2,'2014-08-19 04:00:00',0,0),(481,'blueberry','d1fe173d08e959397adf34b1d77e88d7','blueberry79@drexel.e',2,2,11,0,0,4,'2014-08-20 04:00:00',0,0),(482,'banana','f033ab37c30201f73f142449d037028d','banana80@drexel.edu',1,2,27,1,163,4,'2014-06-02 17:58:49',0,0),(483,'banana','43ec517d68b6edd3015b3edc9a11367b','banana81@drexel.edu',1,2,72,0,0,3,'2014-08-22 04:00:00',0,0),(484,'banana','9778d5d219c5080b9a6a17bef029331c','banana82@drexel.edu',1,2,48,0,0,4,'2014-08-23 04:00:00',0,0),(485,'mango','fe9fc289c3ff0af142b6d3bead98a923','mango83@drexel.edu',1,2,77,0,0,2,'2014-08-24 04:00:00',0,0),(486,'grape','68d30a9594728bc39aa24be94b319d21','grape84@drexel.edu',1,1,87,1,155,2,'2014-06-02 17:58:48',0,0),(487,'grape','3ef815416f775098fe977004015c6193','grape85@drexel.edu',2,2,15,0,0,3,'2014-08-26 04:00:00',0,0),(488,'apple','93db85ed909c13838ff95ccfa94cebd9','apple86@drexel.edu',1,1,82,1,133,4,'2014-06-02 17:58:45',0,0),(489,'blueberry','c7e1249ffc03eb9ded908c236bd1996d','blueberry87@drexel.e',1,1,86,1,117,4,'2014-06-02 17:58:44',0,0),(490,'apple','2a38a4a9316c49e5a833517c45d31070','apple88@drexel.edu',2,1,61,1,120,4,'2014-06-02 17:58:44',0,0),(491,'blueberry','7647966b7343c29048673252e490f736','blueberry89@drexel.e',2,1,43,0,0,1,'2014-08-30 04:00:00',0,0),(492,'grape','8613985ec49eb8f757ae6439e879bb2a','grape90@drexel.edu',2,2,4,1,99,4,'2014-06-02 17:58:43',0,0),(493,'blueberry','54229abfcfa5649e7003b83dd4755294','blueberry91@drexel.e',1,1,49,1,105,0,'2014-06-02 17:58:44',0,0),(494,'blueberry','92cc227532d17e56e07902b254dfad10','blueberry92@drexel.e',1,2,55,1,106,0,'2014-06-02 17:58:44',0,0),(495,'grape','98dce83da57b0395e163467c9dae521b','grape93@drexel.edu',1,1,45,1,129,4,'2014-06-02 17:58:44',0,0),(496,'grape','f4b9ec30ad9f68f89b29639786cb62ef','grape94@drexel.edu',2,2,46,1,149,1,'2014-06-02 17:58:48',0,0),(497,'mango','812b4ba287f5ee0bc9d43bbf5bbe87fb','mango95@drexel.edu',1,2,20,1,162,4,'2014-06-02 17:58:49',0,0),(498,'blueberry','26657d5ff9020d2abefe558796b99584','blueberry96@drexel.e',2,2,3,0,0,2,'2014-09-06 04:00:00',0,0),(499,'blueberry','e2ef524fbf3d9fe611d5a8e90fefdc9c','blueberry97@drexel.e',1,1,16,0,0,4,'2014-09-07 04:00:00',0,0),(500,'blueberry','ed3d2c21991e3bef5e069713af9fa6ca','blueberry98@drexel.e',1,1,65,1,108,3,'2014-06-02 17:58:44',0,0),(501,'apple','ac627ab1ccbdb62ec96e702f07f6425b','apple99@drexel.edu',1,2,32,0,0,0,'2014-09-09 04:00:00',0,0),(502,'apple','f899139df5e1059396431415e770c6dd','apple100@drexel.edu',1,2,39,0,0,3,'2014-09-10 04:00:00',0,0),(503,'mango','c4ca4238a0b923820dcc509a6f75849b','mango1@drexel.edu',2,2,46,0,0,3,'2014-06-03 04:00:00',0,0),(504,'grape','c81e728d9d4c2f636f067f89cc14862c','grape2@drexel.edu',2,1,79,1,171,3,'2014-06-02 17:58:49',0,0),(505,'mango','eccbc87e4b5ce2fe28308fd9f2a7baf3','mango3@drexel.edu',1,2,10,1,170,3,'2014-06-02 17:58:49',0,0),(506,'blueberry','a87ff679a2f3e71d9181a67b7542122c','blueberry4@drexel.ed',2,1,42,1,144,2,'2014-06-02 17:58:48',0,0),(507,'blueberry','e4da3b7fbbce2345d7772b0674a318d5','blueberry5@drexel.ed',2,1,12,1,147,1,'2014-06-02 17:58:48',0,0),(508,'apple','1679091c5a880faf6fb5e6087eb1b2dc','apple6@drexel.edu',2,1,9,0,0,3,'2014-06-08 04:00:00',0,0),(509,'blueberry','8f14e45fceea167a5a36dedd4bea2543','blueberry7@drexel.ed',1,1,60,0,0,1,'2014-06-09 04:00:00',0,0),(510,'mango','c9f0f895fb98ab9159f51fd0297e236d','mango8@drexel.edu',2,1,11,1,169,3,'2014-06-02 17:58:49',0,0),(511,'mango','45c48cce2e2d7fbdea1afc51c7c6ad26','mango9@drexel.edu',2,1,82,0,0,1,'2014-06-11 04:00:00',0,0),(512,'apple','d3d9446802a44259755d38e6d163e820','apple10@drexel.edu',1,1,33,0,0,1,'2014-06-12 04:00:00',0,0),(513,'mango','6512bd43d9caa6e02c990b0a82652dca','mango11@drexel.edu',1,2,28,0,0,2,'2014-06-13 04:00:00',0,0),(514,'grape','c20ad4d76fe97759aa27a0c99bff6710','grape12@drexel.edu',2,1,79,1,164,2,'2014-06-02 17:58:49',0,0),(515,'banana','c51ce410c124a10e0db5e4b97fc2af39','banana13@drexel.edu',1,1,53,0,0,2,'2014-06-15 04:00:00',0,0),(516,'apple','aab3238922bcc25a6f606eb525ffdc56','apple14@drexel.edu',2,1,35,0,0,0,'2014-06-16 04:00:00',0,0),(517,'grape','9bf31c7ff062936a96d3c8bd1f8f2ff3','grape15@drexel.edu',2,1,26,1,146,4,'2014-06-02 17:58:48',0,0),(518,'mango','c74d97b01eae257e44aa9d5bade97baf','mango16@drexel.edu',1,2,87,0,0,4,'2014-06-18 04:00:00',0,0),(519,'grape','70efdf2ec9b086079795c442636b55fb','grape17@drexel.edu',2,1,11,1,140,1,'2014-06-02 17:58:48',0,0),(520,'banana','6f4922f45568161a8cdf4ad2299f6d23','banana18@drexel.edu',1,1,55,0,0,2,'2014-06-20 04:00:00',0,0),(521,'blueberry','1f0e3dad99908345f7439f8ffabdffc4','blueberry19@drexel.e',2,2,52,1,150,4,'2014-06-02 17:58:48',0,0),(522,'banana','98f13708210194c475687be6106a3b84','banana20@drexel.edu',2,2,8,0,0,2,'2014-06-22 04:00:00',0,0),(523,'blueberry','3c59dc048e8850243be8079a5c74d079','blueberry21@drexel.e',2,2,85,0,0,2,'2014-06-23 04:00:00',0,0),(524,'banana','b6d767d2f8ed5d21a44b0e5886680cb9','banana22@drexel.edu',2,1,29,0,0,0,'2014-06-24 04:00:00',0,0),(525,'grape','37693cfc748049e45d87b8c7d8b9aacd','grape23@drexel.edu',1,1,80,0,0,1,'2014-06-25 04:00:00',0,0),(526,'blueberry','1ff1de774005f8da13f42943881c655f','blueberry24@drexel.e',1,2,11,1,167,4,'2014-06-02 17:58:49',0,0),(527,'banana','8e296a067a37563370ded05f5a3bf3ec','banana25@drexel.edu',2,1,66,1,139,2,'2014-06-02 17:58:48',0,0),(528,'banana','4e732ced3463d06de0ca9a15b6153677','banana26@drexel.edu',1,1,6,0,0,2,'2014-06-28 04:00:00',0,0),(529,'grape','02e74f10e0327ad868d138f2b4fdd6f0','grape27@drexel.edu',2,2,33,0,0,0,'2014-06-29 04:00:00',0,0),(530,'mango','33e75ff09dd601bbe69f351039152189','mango28@drexel.edu',2,1,16,1,138,0,'2014-06-02 17:58:48',0,0),(531,'apple','6ea9ab1baa0efb9e19094440c317e21b','apple29@drexel.edu',1,1,22,1,160,1,'2014-06-02 17:58:48',0,0),(532,'mango','34173cb38f07f89ddbebc2ac9128303f','mango30@drexel.edu',1,2,26,0,0,1,'2014-07-02 04:00:00',0,0),(533,'apple','c16a5320fa475530d9583c34fd356ef5','apple31@drexel.edu',1,2,64,0,0,2,'2014-07-03 04:00:00',0,0),(534,'blueberry','6364d3f0f495b6ab9dcf8d3b5c6e0b01','blueberry32@drexel.e',1,2,38,1,137,0,'2014-06-02 17:58:48',0,0),(535,'grape','182be0c5cdcd5072bb1864cdee4d3d6e','grape33@drexel.edu',2,2,87,1,168,4,'2014-06-02 17:58:49',0,0),(536,'apple','e369853df766fa44e1ed0ff613f563bd','apple34@drexel.edu',1,2,60,1,135,1,'2014-06-02 17:58:48',0,0),(537,'blueberry','1c383cd30b7c298ab50293adfecb7b18','blueberry35@drexel.e',2,1,87,1,155,1,'2014-06-02 17:58:48',0,0),(538,'blueberry','19ca14e7ea6328a42e0eb13d585e4c22','blueberry36@drexel.e',2,2,81,0,0,1,'2014-07-08 04:00:00',0,0),(539,'grape','a5bfc9e07964f8dddeb95fc584cd965d','grape37@drexel.edu',2,1,22,1,160,2,'2014-06-02 17:58:48',0,0),(540,'grape','a5771bce93e200c36f7cd9dfd0e5deaa','grape38@drexel.edu',1,2,47,1,152,4,'2014-06-02 17:58:48',0,0),(541,'banana','d67d8ab4f4c10bf22aa353e27879133c','banana39@drexel.edu',2,2,27,1,163,2,'2014-06-02 17:58:49',0,0),(542,'blueberry','d645920e395fedad7bbbed0eca3fe2e0','blueberry40@drexel.e',2,2,51,1,156,2,'2014-06-02 17:58:48',0,0),(543,'mango','3416a75f4cea9109507cacd8e2f2aefc','mango41@drexel.edu',1,2,62,1,161,2,'2014-06-02 17:58:48',0,0),(544,'blueberry','a1d0c6e83f027327d8461063f4ac58a6','blueberry42@drexel.e',2,1,50,0,0,3,'2014-07-14 04:00:00',0,0),(545,'grape','17e62166fc8586dfa4d1bc0e1742c08b','grape43@drexel.edu',2,2,85,0,0,0,'2014-07-15 04:00:00',0,0),(546,'mango','f7177163c833dff4b38fc8d2872f1ec6','mango44@drexel.edu',1,1,80,0,0,4,'2014-07-16 04:00:00',0,0),(547,'apple','6c8349cc7260ae62e3b1396831a8398f','apple45@drexel.edu',1,1,36,0,0,1,'2014-07-17 04:00:00',0,0),(548,'grape','d9d4f495e875a2e075a1a4a6e1b9770f','grape46@drexel.edu',1,2,74,0,0,2,'2014-07-18 04:00:00',0,0),(549,'mango','67c6a1e7ce56d3d6fa748ab6d9af3fd7','mango47@drexel.edu',1,2,44,1,165,2,'2014-06-02 17:58:49',0,0),(550,'grape','642e92efb79421734881b53e1e1b18b6','grape48@drexel.edu',2,1,23,0,0,4,'2014-07-20 04:00:00',0,0),(551,'mango','f457c545a9ded88f18ecee47145a72c0','mango49@drexel.edu',1,2,36,0,0,0,'2014-07-21 04:00:00',0,0),(552,'banana','c0c7c76d30bd3dcaefc96f40275bdc0a','banana50@drexel.edu',2,2,14,1,159,3,'2014-06-02 17:58:48',0,0),(553,'mango','2838023a778dfaecdc212708f721b788','mango51@drexel.edu',2,2,22,1,151,3,'2014-06-02 17:58:48',0,0),(554,'grape','9a1158154dfa42caddbd0694a4e9bdc8','grape52@drexel.edu',1,2,32,0,0,1,'2014-07-24 04:00:00',0,0),(555,'apple','d82c8d1619ad8176d665453cfb2e55f0','apple53@drexel.edu',1,1,45,0,0,1,'2014-07-25 04:00:00',0,0),(556,'blueberry','a684eceee76fc522773286a895bc8436','blueberry54@drexel.e',2,2,25,1,145,2,'2014-06-02 17:58:48',0,0),(557,'apple','b53b3a3d6ab90ce0268229151c9bde11','apple55@drexel.edu',2,2,68,0,0,0,'2014-07-27 04:00:00',0,0),(558,'blueberry','9f61408e3afb633e50cdf1b20de6f466','blueberry56@drexel.e',2,1,79,1,173,3,'2014-06-02 17:58:49',0,0),(559,'banana','72b32a1f754ba1c09b3695e0cb6cde7f','banana57@drexel.edu',2,2,33,0,0,3,'2014-07-29 04:00:00',0,0),(560,'apple','66f041e16a60928b05a7e228a89c3799','apple58@drexel.edu',2,1,49,1,172,4,'2014-06-02 17:58:49',0,0),(561,'mango','093f65e080a295f8076b1c5722a46aa2','mango59@drexel.edu',1,1,44,0,0,4,'2014-07-31 04:00:00',0,0),(562,'grape','072b030ba126b2f4b2374f342be9ed44','grape60@drexel.edu',1,2,8,1,136,3,'2014-06-02 17:58:48',0,0),(563,'blueberry','7f39f8317fbdb1988ef4c628eba02591','blueberry61@drexel.e',2,2,65,0,0,4,'2014-08-02 04:00:00',0,0),(564,'apple','44f683a84163b3523afe57c2e008bc8c','apple62@drexel.edu',1,1,49,1,172,3,'2014-06-02 17:58:49',0,0),(565,'mango','03afdbd66e7929b125f8597834fa83a4','mango63@drexel.edu',1,2,46,1,149,1,'2014-06-02 17:58:48',0,0),(566,'apple','ea5d2f1c4608232e07d3aa3d998e5135','apple64@drexel.edu',1,1,57,0,0,1,'2014-08-05 04:00:00',0,0),(567,'grape','fc490ca45c00b1249bbe3554a4fdf6fb','grape65@drexel.edu',1,1,61,0,0,3,'2014-08-06 04:00:00',0,0),(568,'mango','3295c76acbf4caaed33c36b1b5fc2cb1','mango66@drexel.edu',1,2,29,1,141,3,'2014-06-02 17:58:48',0,0),(569,'blueberry','735b90b4568125ed6c3f678819b6e058','blueberry67@drexel.e',1,1,41,0,0,4,'2014-08-08 04:00:00',0,0),(570,'mango','a3f390d88e4c41f2747bfa2f1b5f87db','mango68@drexel.edu',1,1,64,0,0,3,'2014-08-09 04:00:00',0,0),(571,'banana','14bfa6bb14875e45bba028a21ed38046','banana69@drexel.edu',1,1,38,1,153,1,'2014-06-02 17:58:48',0,0),(572,'banana','7cbbc409ec990f19c78c75bd1e06f215','banana70@drexel.edu',1,2,67,0,0,1,'2014-08-11 04:00:00',0,0),(573,'grape','e2c420d928d4bf8ce0ff2ec19b371514','grape71@drexel.edu',2,1,48,0,0,4,'2014-08-12 04:00:00',0,0),(574,'banana','32bb90e8976aab5298d5da10fe66f21d','banana72@drexel.edu',2,2,60,0,0,4,'2014-08-13 04:00:00',0,0),(575,'apple','d2ddea18f00665ce8623e36bd4e3c7c5','apple73@drexel.edu',2,2,68,0,0,1,'2014-08-14 04:00:00',0,0),(576,'blueberry','ad61ab143223efbc24c7d2583be69251','blueberry74@drexel.e',1,2,17,0,0,1,'2014-08-15 04:00:00',0,0),(577,'blueberry','d09bf41544a3365a46c9077ebb5e35c3','blueberry75@drexel.e',1,1,13,1,158,1,'2014-06-02 17:58:48',0,0),(578,'grape','fbd7939d674997cdb4692d34de8633c4','grape76@drexel.edu',2,2,56,0,0,3,'2014-08-17 04:00:00',0,0),(579,'grape','28dd2c7955ce926456240b2ff0100bde','grape77@drexel.edu',2,2,43,0,0,2,'2014-08-18 04:00:00',0,0),(580,'mango','35f4a8d465e6e1edc05f3d8ab658c551','mango78@drexel.edu',2,1,50,0,0,3,'2014-08-19 04:00:00',0,0),(581,'mango','d1fe173d08e959397adf34b1d77e88d7','mango79@drexel.edu',1,1,42,1,144,0,'2014-06-02 17:58:48',0,0),(582,'blueberry','f033ab37c30201f73f142449d037028d','blueberry80@drexel.e',1,1,85,0,0,4,'2014-08-21 04:00:00',0,0),(583,'mango','43ec517d68b6edd3015b3edc9a11367b','mango81@drexel.edu',2,1,86,0,0,1,'2014-08-22 04:00:00',0,0),(584,'grape','9778d5d219c5080b9a6a17bef029331c','grape82@drexel.edu',2,2,20,1,162,2,'2014-06-02 17:58:49',0,0),(585,'banana','fe9fc289c3ff0af142b6d3bead98a923','banana83@drexel.edu',2,2,16,0,0,0,'2014-08-24 04:00:00',0,0),(586,'grape','68d30a9594728bc39aa24be94b319d21','grape84@drexel.edu',2,1,75,0,0,3,'2014-08-25 04:00:00',0,0),(587,'mango','3ef815416f775098fe977004015c6193','mango85@drexel.edu',1,2,7,1,166,3,'2014-06-02 17:58:49',0,0),(588,'blueberry','93db85ed909c13838ff95ccfa94cebd9','blueberry86@drexel.e',1,1,62,1,157,1,'2014-06-02 17:58:48',0,0),(589,'banana','c7e1249ffc03eb9ded908c236bd1996d','banana87@drexel.edu',2,2,2,0,0,3,'2014-08-28 04:00:00',0,0),(590,'mango','2a38a4a9316c49e5a833517c45d31070','mango88@drexel.edu',1,2,10,1,148,0,'2014-06-02 17:58:48',0,0),(591,'blueberry','7647966b7343c29048673252e490f736','blueberry89@drexel.e',2,2,76,1,154,1,'2014-06-02 17:58:48',0,0),(592,'blueberry','8613985ec49eb8f757ae6439e879bb2a','blueberry90@drexel.e',1,2,53,1,142,3,'2014-06-02 17:58:48',0,0),(593,'grape','54229abfcfa5649e7003b83dd4755294','grape91@drexel.edu',1,2,15,1,143,4,'2014-06-02 17:58:48',0,0),(594,'mango','92cc227532d17e56e07902b254dfad10','mango92@drexel.edu',1,1,10,0,0,4,'2014-09-02 04:00:00',0,0),(595,'mango','98dce83da57b0395e163467c9dae521b','mango93@drexel.edu',2,2,15,0,0,1,'2014-09-03 04:00:00',0,0),(596,'mango','f4b9ec30ad9f68f89b29639786cb62ef','mango94@drexel.edu',1,2,77,0,0,3,'2014-09-04 04:00:00',0,0),(597,'blueberry','812b4ba287f5ee0bc9d43bbf5bbe87fb','blueberry95@drexel.e',1,1,41,0,0,4,'2014-09-05 04:00:00',0,0),(598,'grape','26657d5ff9020d2abefe558796b99584','grape96@drexel.edu',2,1,47,0,0,3,'2014-09-06 04:00:00',0,0),(599,'grape','e2ef524fbf3d9fe611d5a8e90fefdc9c','grape97@drexel.edu',1,2,72,0,0,4,'2014-09-07 04:00:00',0,0),(600,'grape','ed3d2c21991e3bef5e069713af9fa6ca','grape98@drexel.edu',1,1,30,0,0,3,'2014-09-08 04:00:00',0,0),(601,'mango','ac627ab1ccbdb62ec96e702f07f6425b','mango99@drexel.edu',1,2,50,0,0,3,'2014-09-09 04:00:00',0,0),(602,'banana','f899139df5e1059396431415e770c6dd','banana100@drexel.edu',2,2,47,0,0,1,'2014-09-10 04:00:00',0,0);
/*!40000 ALTER TABLE `Users` ENABLE KEYS */;
UNLOCK TABLES;
/*!40103 SET TIME_ZONE=@OLD_TIME_ZONE */;

/*!40101 SET SQL_MODE=@OLD_SQL_MODE */;
/*!40014 SET FOREIGN_KEY_CHECKS=@OLD_FOREIGN_KEY_CHECKS */;
/*!40014 SET UNIQUE_CHECKS=@OLD_UNIQUE_CHECKS */;
/*!40101 SET CHARACTER_SET_CLIENT=@OLD_CHARACTER_SET_CLIENT */;
/*!40101 SET CHARACTER_SET_RESULTS=@OLD_CHARACTER_SET_RESULTS */;
/*!40101 SET COLLATION_CONNECTION=@OLD_COLLATION_CONNECTION */;
/*!40111 SET SQL_NOTES=@OLD_SQL_NOTES */;

-- Dump completed on 2014-06-02 16:12:27
